DateKey,RetailWeekNum,RetailPeriod,RetailPeriodName,Fiscal445Label
20230101,52,1,P1,2023-Q1-P1
20230102,1,1,P1,2023-Q1-P1
20230103,1,1,P1,2023-Q1-P1
20230104,1,1,P1,2023-Q1-P1
20230105,1,1,P1,2023-Q1-P1
20230106,1,1,P1,2023-Q1-P1
20230107,1,1,P1,2023-Q1-P1
20230108,1,1,P1,2023-Q1-P1
20230109,2,1,P1,2023-Q1-P1
20230110,2,1,P1,2023-Q1-P1
20230111,2,1,P1,2023-Q1-P1
20230112,2,1,P1,2023-Q1-P1
20230113,2,1,P1,2023-Q1-P1
20230114,2,1,P1,2023-Q1-P1
20230115,2,1,P1,2023-Q1-P1
20230116,3,1,P1,2023-Q1-P1
20230117,3,1,P1,2023-Q1-P1
20230118,3,1,P1,2023-Q1-P1
20230119,3,1,P1,2023-Q1-P1
20230120,3,1,P1,2023-Q1-P1
20230121,3,1,P1,2023-Q1-P1
20230122,3,1,P1,2023-Q1-P1
20230123,4,1,P1,2023-Q1-P1
20230124,4,1,P1,2023-Q1-P1
20230125,4,1,P1,2023-Q1-P1
20230126,4,1,P1,2023-Q1-P1
20230127,4,1,P1,2023-Q1-P1
20230128,4,1,P1,2023-Q1-P1
20230129,4,1,P1,2023-Q1-P1
20230130,5,1,P1,2023-Q1-P1
20230131,5,1,P1,2023-Q1-P1
20230201,5,1,P1,2023-Q1-P1
20230202,5,1,P1,2023-Q1-P1
20230203,5,1,P1,2023-Q1-P1
20230204,5,1,P1,2023-Q1-P1
20230205,5,1,P1,2023-Q1-P1
20230206,6,1,P1,2023-Q1-P1
20230207,6,1,P1,2023-Q1-P1
20230208,6,1,P1,2023-Q1-P1
20230209,6,1,P1,2023-Q1-P1
20230210,6,1,P1,2023-Q1-P1
20230211,6,1,P1,2023-Q1-P1
20230212,6,1,P1,2023-Q1-P1
20230213,7,1,P1,2023-Q1-P1
20230214,7,1,P1,2023-Q1-P1
20230215,7,1,P1,2023-Q1-P1
20230216,7,1,P1,2023-Q1-P1
20230217,7,1,P1,2023-Q1-P1
20230218,7,1,P1,2023-Q1-P1
20230219,7,1,P1,2023-Q1-P1
20230220,8,1,P1,2023-Q1-P1
20230221,8,1,P1,2023-Q1-P1
20230222,8,1,P1,2023-Q1-P1
20230223,8,1,P1,2023-Q1-P1
20230224,8,1,P1,2023-Q1-P1
20230225,8,1,P1,2023-Q1-P1
20230226,8,1,P1,2023-Q1-P1
20230227,9,1,P1,2023-Q1-P1
20230228,9,1,P1,2023-Q1-P1
20230301,9,1,P1,2023-Q1-P1
20230302,9,1,P1,2023-Q1-P1
20230303,9,1,P1,2023-Q1-P1
20230304,9,1,P1,2023-Q1-P1
20230305,9,1,P1,2023-Q1-P1
20230306,10,1,P1,2023-Q1-P1
20230307,10,1,P1,2023-Q1-P1
20230308,10,1,P1,2023-Q1-P1
20230309,10,1,P1,2023-Q1-P1
20230310,10,1,P1,2023-Q1-P1
20230311,10,1,P1,2023-Q1-P1
20230312,10,1,P1,2023-Q1-P1
20230313,11,1,P1,2023-Q1-P1
20230314,11,1,P1,2023-Q1-P1
20230315,11,1,P1,2023-Q1-P1
20230316,11,1,P1,2023-Q1-P1
20230317,11,1,P1,2023-Q1-P1
20230318,11,1,P1,2023-Q1-P1
20230319,11,1,P1,2023-Q1-P1
20230320,12,1,P1,2023-Q1-P1
20230321,12,1,P1,2023-Q1-P1
20230322,12,1,P1,2023-Q1-P1
20230323,12,1,P1,2023-Q1-P1
20230324,12,1,P1,2023-Q1-P1
20230325,12,1,P1,2023-Q1-P1
20230326,12,1,P1,2023-Q1-P1
20230327,13,1,P1,2023-Q1-P1
20230328,13,1,P1,2023-Q1-P1
20230329,13,1,P1,2023-Q1-P1
20230330,13,1,P1,2023-Q1-P1
20230331,13,1,P1,2023-Q1-P1
20230401,13,4,P4,2023-Q2-P4
20230402,13,4,P4,2023-Q2-P4
20230403,14,4,P4,2023-Q2-P4
20230404,14,4,P4,2023-Q2-P4
20230405,14,4,P4,2023-Q2-P4
20230406,14,4,P4,2023-Q2-P4
20230407,14,4,P4,2023-Q2-P4
20230408,14,4,P4,2023-Q2-P4
20230409,14,4,P4,2023-Q2-P4
20230410,15,4,P4,2023-Q2-P4
20230411,15,4,P4,2023-Q2-P4
20230412,15,4,P4,2023-Q2-P4
20230413,15,4,P4,2023-Q2-P4
20230414,15,4,P4,2023-Q2-P4
20230415,15,4,P4,2023-Q2-P4
20230416,15,4,P4,2023-Q2-P4
20230417,16,4,P4,2023-Q2-P4
20230418,16,4,P4,2023-Q2-P4
20230419,16,4,P4,2023-Q2-P4
20230420,16,4,P4,2023-Q2-P4
20230421,16,4,P4,2023-Q2-P4
20230422,16,4,P4,2023-Q2-P4
20230423,16,4,P4,2023-Q2-P4
20230424,17,4,P4,2023-Q2-P4
20230425,17,4,P4,2023-Q2-P4
20230426,17,4,P4,2023-Q2-P4
20230427,17,4,P4,2023-Q2-P4
20230428,17,4,P4,2023-Q2-P4
20230429,17,4,P4,2023-Q2-P4
20230430,17,4,P4,2023-Q2-P4
20230501,18,4,P4,2023-Q2-P4
20230502,18,4,P4,2023-Q2-P4
20230503,18,4,P4,2023-Q2-P4
20230504,18,4,P4,2023-Q2-P4
20230505,18,4,P4,2023-Q2-P4
20230506,18,4,P4,2023-Q2-P4
20230507,18,4,P4,2023-Q2-P4
20230508,19,4,P4,2023-Q2-P4
20230509,19,4,P4,2023-Q2-P4
20230510,19,4,P4,2023-Q2-P4
20230511,19,4,P4,2023-Q2-P4
20230512,19,4,P4,2023-Q2-P4
20230513,19,4,P4,2023-Q2-P4
20230514,19,4,P4,2023-Q2-P4
20230515,20,4,P4,2023-Q2-P4
20230516,20,4,P4,2023-Q2-P4
20230517,20,4,P4,2023-Q2-P4
20230518,20,4,P4,2023-Q2-P4
20230519,20,4,P4,2023-Q2-P4
20230520,20,4,P4,2023-Q2-P4
20230521,20,4,P4,2023-Q2-P4
20230522,21,4,P4,2023-Q2-P4
20230523,21,4,P4,2023-Q2-P4
20230524,21,4,P4,2023-Q2-P4
20230525,21,4,P4,2023-Q2-P4
20230526,21,4,P4,2023-Q2-P4
20230527,21,4,P4,2023-Q2-P4
20230528,21,4,P4,2023-Q2-P4
20230529,22,4,P4,2023-Q2-P4
20230530,22,4,P4,2023-Q2-P4
20230531,22,4,P4,2023-Q2-P4
20230601,22,4,P4,2023-Q2-P4
20230602,22,4,P4,2023-Q2-P4
20230603,22,4,P4,2023-Q2-P4
20230604,22,4,P4,2023-Q2-P4
20230605,23,4,P4,2023-Q2-P4
20230606,23,4,P4,2023-Q2-P4
20230607,23,4,P4,2023-Q2-P4
20230608,23,4,P4,2023-Q2-P4
20230609,23,4,P4,2023-Q2-P4
20230610,23,4,P4,2023-Q2-P4
20230611,23,4,P4,2023-Q2-P4
20230612,24,4,P4,2023-Q2-P4
20230613,24,4,P4,2023-Q2-P4
20230614,24,4,P4,2023-Q2-P4
20230615,24,4,P4,2023-Q2-P4
20230616,24,4,P4,2023-Q2-P4
20230617,24,4,P4,2023-Q2-P4
20230618,24,4,P4,2023-Q2-P4
20230619,25,4,P4,2023-Q2-P4
20230620,25,4,P4,2023-Q2-P4
20230621,25,4,P4,2023-Q2-P4
20230622,25,4,P4,2023-Q2-P4
20230623,25,4,P4,2023-Q2-P4
20230624,25,4,P4,2023-Q2-P4
20230625,25,4,P4,2023-Q2-P4
20230626,26,4,P4,2023-Q2-P4
20230627,26,4,P4,2023-Q2-P4
20230628,26,4,P4,2023-Q2-P4
20230629,26,4,P4,2023-Q2-P4
20230630,26,4,P4,2023-Q2-P4
20230701,26,7,P7,2023-Q3-P7
20230702,26,7,P7,2023-Q3-P7
20230703,27,7,P7,2023-Q3-P7
20230704,27,7,P7,2023-Q3-P7
20230705,27,7,P7,2023-Q3-P7
20230706,27,7,P7,2023-Q3-P7
20230707,27,7,P7,2023-Q3-P7
20230708,27,7,P7,2023-Q3-P7
20230709,27,7,P7,2023-Q3-P7
20230710,28,7,P7,2023-Q3-P7
20230711,28,7,P7,2023-Q3-P7
20230712,28,7,P7,2023-Q3-P7
20230713,28,7,P7,2023-Q3-P7
20230714,28,7,P7,2023-Q3-P7
20230715,28,7,P7,2023-Q3-P7
20230716,28,7,P7,2023-Q3-P7
20230717,29,7,P7,2023-Q3-P7
20230718,29,7,P7,2023-Q3-P7
20230719,29,7,P7,2023-Q3-P7
20230720,29,7,P7,2023-Q3-P7
20230721,29,7,P7,2023-Q3-P7
20230722,29,7,P7,2023-Q3-P7
20230723,29,7,P7,2023-Q3-P7
20230724,30,7,P7,2023-Q3-P7
20230725,30,7,P7,2023-Q3-P7
20230726,30,7,P7,2023-Q3-P7
20230727,30,7,P7,2023-Q3-P7
20230728,30,7,P7,2023-Q3-P7
20230729,30,7,P7,2023-Q3-P7
20230730,30,7,P7,2023-Q3-P7
20230731,31,7,P7,2023-Q3-P7
20230801,31,7,P7,2023-Q3-P7
20230802,31,7,P7,2023-Q3-P7
20230803,31,7,P7,2023-Q3-P7
20230804,31,7,P7,2023-Q3-P7
20230805,31,7,P7,2023-Q3-P7
20230806,31,7,P7,2023-Q3-P7
20230807,32,7,P7,2023-Q3-P7
20230808,32,7,P7,2023-Q3-P7
20230809,32,7,P7,2023-Q3-P7
20230810,32,7,P7,2023-Q3-P7
20230811,32,7,P7,2023-Q3-P7
20230812,32,7,P7,2023-Q3-P7
20230813,32,7,P7,2023-Q3-P7
20230814,33,7,P7,2023-Q3-P7
20230815,33,7,P7,2023-Q3-P7
20230816,33,7,P7,2023-Q3-P7
20230817,33,7,P7,2023-Q3-P7
20230818,33,7,P7,2023-Q3-P7
20230819,33,7,P7,2023-Q3-P7
20230820,33,7,P7,2023-Q3-P7
20230821,34,7,P7,2023-Q3-P7
20230822,34,7,P7,2023-Q3-P7
20230823,34,7,P7,2023-Q3-P7
20230824,34,7,P7,2023-Q3-P7
20230825,34,7,P7,2023-Q3-P7
20230826,34,7,P7,2023-Q3-P7
20230827,34,7,P7,2023-Q3-P7
20230828,35,7,P7,2023-Q3-P7
20230829,35,7,P7,2023-Q3-P7
20230830,35,7,P7,2023-Q3-P7
20230831,35,7,P7,2023-Q3-P7
20230901,35,7,P7,2023-Q3-P7
20230902,35,7,P7,2023-Q3-P7
20230903,35,7,P7,2023-Q3-P7
20230904,36,7,P7,2023-Q3-P7
20230905,36,7,P7,2023-Q3-P7
20230906,36,7,P7,2023-Q3-P7
20230907,36,7,P7,2023-Q3-P7
20230908,36,7,P7,2023-Q3-P7
20230909,36,7,P7,2023-Q3-P7
20230910,36,7,P7,2023-Q3-P7
20230911,37,7,P7,2023-Q3-P7
20230912,37,7,P7,2023-Q3-P7
20230913,37,7,P7,2023-Q3-P7
20230914,37,7,P7,2023-Q3-P7
20230915,37,7,P7,2023-Q3-P7
20230916,37,7,P7,2023-Q3-P7
20230917,37,7,P7,2023-Q3-P7
20230918,38,7,P7,2023-Q3-P7
20230919,38,7,P7,2023-Q3-P7
20230920,38,7,P7,2023-Q3-P7
20230921,38,7,P7,2023-Q3-P7
20230922,38,7,P7,2023-Q3-P7
20230923,38,7,P7,2023-Q3-P7
20230924,38,7,P7,2023-Q3-P7
20230925,39,7,P7,2023-Q3-P7
20230926,39,7,P7,2023-Q3-P7
20230927,39,7,P7,2023-Q3-P7
20230928,39,7,P7,2023-Q3-P7
20230929,39,7,P7,2023-Q3-P7
20230930,39,7,P7,2023-Q3-P7
20231001,39,10,P10,2023-Q4-P10
20231002,40,10,P10,2023-Q4-P10
20231003,40,10,P10,2023-Q4-P10
20231004,40,10,P10,2023-Q4-P10
20231005,40,10,P10,2023-Q4-P10
20231006,40,10,P10,2023-Q4-P10
20231007,40,10,P10,2023-Q4-P10
20231008,40,10,P10,2023-Q4-P10
20231009,41,10,P10,2023-Q4-P10
20231010,41,10,P10,2023-Q4-P10
20231011,41,10,P10,2023-Q4-P10
20231012,41,10,P10,2023-Q4-P10
20231013,41,10,P10,2023-Q4-P10
20231014,41,10,P10,2023-Q4-P10
20231015,41,10,P10,2023-Q4-P10
20231016,42,10,P10,2023-Q4-P10
20231017,42,10,P10,2023-Q4-P10
20231018,42,10,P10,2023-Q4-P10
20231019,42,10,P10,2023-Q4-P10
20231020,42,10,P10,2023-Q4-P10
20231021,42,10,P10,2023-Q4-P10
20231022,42,10,P10,2023-Q4-P10
20231023,43,10,P10,2023-Q4-P10
20231024,43,10,P10,2023-Q4-P10
20231025,43,10,P10,2023-Q4-P10
20231026,43,10,P10,2023-Q4-P10
20231027,43,10,P10,2023-Q4-P10
20231028,43,10,P10,2023-Q4-P10
20231029,43,10,P10,2023-Q4-P10
20231030,44,10,P10,2023-Q4-P10
20231031,44,10,P10,2023-Q4-P10
20231101,44,10,P10,2023-Q4-P10
20231102,44,10,P10,2023-Q4-P10
20231103,44,10,P10,2023-Q4-P10
20231104,44,10,P10,2023-Q4-P10
20231105,44,10,P10,2023-Q4-P10
20231106,45,10,P10,2023-Q4-P10
20231107,45,10,P10,2023-Q4-P10
20231108,45,10,P10,2023-Q4-P10
20231109,45,10,P10,2023-Q4-P10
20231110,45,10,P10,2023-Q4-P10
20231111,45,10,P10,2023-Q4-P10
20231112,45,10,P10,2023-Q4-P10
20231113,46,10,P10,2023-Q4-P10
20231114,46,10,P10,2023-Q4-P10
20231115,46,10,P10,2023-Q4-P10
20231116,46,10,P10,2023-Q4-P10
20231117,46,10,P10,2023-Q4-P10
20231118,46,10,P10,2023-Q4-P10
20231119,46,10,P10,2023-Q4-P10
20231120,47,10,P10,2023-Q4-P10
20231121,47,10,P10,2023-Q4-P10
20231122,47,10,P10,2023-Q4-P10
20231123,47,10,P10,2023-Q4-P10
20231124,47,10,P10,2023-Q4-P10
20231125,47,10,P10,2023-Q4-P10
20231126,47,10,P10,2023-Q4-P10
20231127,48,10,P10,2023-Q4-P10
20231128,48,10,P10,2023-Q4-P10
20231129,48,10,P10,2023-Q4-P10
20231130,48,10,P10,2023-Q4-P10
20231201,48,10,P10,2023-Q4-P10
20231202,48,10,P10,2023-Q4-P10
20231203,48,10,P10,2023-Q4-P10
20231204,49,10,P10,2023-Q4-P10
20231205,49,10,P10,2023-Q4-P10
20231206,49,10,P10,2023-Q4-P10
20231207,49,10,P10,2023-Q4-P10
20231208,49,10,P10,2023-Q4-P10
20231209,49,10,P10,2023-Q4-P10
20231210,49,10,P10,2023-Q4-P10
20231211,50,10,P10,2023-Q4-P10
20231212,50,10,P10,2023-Q4-P10
20231213,50,10,P10,2023-Q4-P10
20231214,50,10,P10,2023-Q4-P10
20231215,50,10,P10,2023-Q4-P10
20231216,50,10,P10,2023-Q4-P10
20231217,50,10,P10,2023-Q4-P10
20231218,51,10,P10,2023-Q4-P10
20231219,51,10,P10,2023-Q4-P10
20231220,51,10,P10,2023-Q4-P10
20231221,51,10,P10,2023-Q4-P10
20231222,51,10,P10,2023-Q4-P10
20231223,51,10,P10,2023-Q4-P10
20231224,51,10,P10,2023-Q4-P10
20231225,52,10,P10,2023-Q4-P10
20231226,52,10,P10,2023-Q4-P10
20231227,52,10,P10,2023-Q4-P10
20231228,52,10,P10,2023-Q4-P10
20231229,52,10,P10,2023-Q4-P10
20231230,52,10,P10,2023-Q4-P10
20231231,52,10,P10,2023-Q4-P10
20240101,1,1,P1,2024-Q1-P1
20240102,1,1,P1,2024-Q1-P1
20240103,1,1,P1,2024-Q1-P1
20240104,1,1,P1,2024-Q1-P1
20240105,1,1,P1,2024-Q1-P1
20240106,1,1,P1,2024-Q1-P1
20240107,1,1,P1,2024-Q1-P1
20240108,2,1,P1,2024-Q1-P1
20240109,2,1,P1,2024-Q1-P1
20240110,2,1,P1,2024-Q1-P1
20240111,2,1,P1,2024-Q1-P1
20240112,2,1,P1,2024-Q1-P1
20240113,2,1,P1,2024-Q1-P1
20240114,2,1,P1,2024-Q1-P1
20240115,3,1,P1,2024-Q1-P1
20240116,3,1,P1,2024-Q1-P1
20240117,3,1,P1,2024-Q1-P1
20240118,3,1,P1,2024-Q1-P1
20240119,3,1,P1,2024-Q1-P1
20240120,3,1,P1,2024-Q1-P1
20240121,3,1,P1,2024-Q1-P1
20240122,4,1,P1,2024-Q1-P1
20240123,4,1,P1,2024-Q1-P1
20240124,4,1,P1,2024-Q1-P1
20240125,4,1,P1,2024-Q1-P1
20240126,4,1,P1,2024-Q1-P1
20240127,4,1,P1,2024-Q1-P1
20240128,4,1,P1,2024-Q1-P1
20240129,5,1,P1,2024-Q1-P1
20240130,5,1,P1,2024-Q1-P1
20240131,5,1,P1,2024-Q1-P1
20240201,5,1,P1,2024-Q1-P1
20240202,5,1,P1,2024-Q1-P1
20240203,5,1,P1,2024-Q1-P1
20240204,5,1,P1,2024-Q1-P1
20240205,6,1,P1,2024-Q1-P1
20240206,6,1,P1,2024-Q1-P1
20240207,6,1,P1,2024-Q1-P1
20240208,6,1,P1,2024-Q1-P1
20240209,6,1,P1,2024-Q1-P1
20240210,6,1,P1,2024-Q1-P1
20240211,6,1,P1,2024-Q1-P1
20240212,7,1,P1,2024-Q1-P1
20240213,7,1,P1,2024-Q1-P1
20240214,7,1,P1,2024-Q1-P1
20240215,7,1,P1,2024-Q1-P1
20240216,7,1,P1,2024-Q1-P1
20240217,7,1,P1,2024-Q1-P1
20240218,7,1,P1,2024-Q1-P1
20240219,8,1,P1,2024-Q1-P1
20240220,8,1,P1,2024-Q1-P1
20240221,8,1,P1,2024-Q1-P1
20240222,8,1,P1,2024-Q1-P1
20240223,8,1,P1,2024-Q1-P1
20240224,8,1,P1,2024-Q1-P1
20240225,8,1,P1,2024-Q1-P1
20240226,9,1,P1,2024-Q1-P1
20240227,9,1,P1,2024-Q1-P1
20240228,9,1,P1,2024-Q1-P1
20240229,9,1,P1,2024-Q1-P1
20240301,9,1,P1,2024-Q1-P1
20240302,9,1,P1,2024-Q1-P1
20240303,9,1,P1,2024-Q1-P1
20240304,10,1,P1,2024-Q1-P1
20240305,10,1,P1,2024-Q1-P1
20240306,10,1,P1,2024-Q1-P1
20240307,10,1,P1,2024-Q1-P1
20240308,10,1,P1,2024-Q1-P1
20240309,10,1,P1,2024-Q1-P1
20240310,10,1,P1,2024-Q1-P1
20240311,11,1,P1,2024-Q1-P1
20240312,11,1,P1,2024-Q1-P1
20240313,11,1,P1,2024-Q1-P1
20240314,11,1,P1,2024-Q1-P1
20240315,11,1,P1,2024-Q1-P1
20240316,11,1,P1,2024-Q1-P1
20240317,11,1,P1,2024-Q1-P1
20240318,12,1,P1,2024-Q1-P1
20240319,12,1,P1,2024-Q1-P1
20240320,12,1,P1,2024-Q1-P1
20240321,12,1,P1,2024-Q1-P1
20240322,12,1,P1,2024-Q1-P1
20240323,12,1,P1,2024-Q1-P1
20240324,12,1,P1,2024-Q1-P1
20240325,13,1,P1,2024-Q1-P1
20240326,13,1,P1,2024-Q1-P1
20240327,13,1,P1,2024-Q1-P1
20240328,13,1,P1,2024-Q1-P1
20240329,13,1,P1,2024-Q1-P1
20240330,13,1,P1,2024-Q1-P1
20240331,13,1,P1,2024-Q1-P1
20240401,14,4,P4,2024-Q2-P4
20240402,14,4,P4,2024-Q2-P4
20240403,14,4,P4,2024-Q2-P4
20240404,14,4,P4,2024-Q2-P4
20240405,14,4,P4,2024-Q2-P4
20240406,14,4,P4,2024-Q2-P4
20240407,14,4,P4,2024-Q2-P4
20240408,15,4,P4,2024-Q2-P4
20240409,15,4,P4,2024-Q2-P4
20240410,15,4,P4,2024-Q2-P4
20240411,15,4,P4,2024-Q2-P4
20240412,15,4,P4,2024-Q2-P4
20240413,15,4,P4,2024-Q2-P4
20240414,15,4,P4,2024-Q2-P4
20240415,16,4,P4,2024-Q2-P4
20240416,16,4,P4,2024-Q2-P4
20240417,16,4,P4,2024-Q2-P4
20240418,16,4,P4,2024-Q2-P4
20240419,16,4,P4,2024-Q2-P4
20240420,16,4,P4,2024-Q2-P4
20240421,16,4,P4,2024-Q2-P4
20240422,17,4,P4,2024-Q2-P4
20240423,17,4,P4,2024-Q2-P4
20240424,17,4,P4,2024-Q2-P4
20240425,17,4,P4,2024-Q2-P4
20240426,17,4,P4,2024-Q2-P4
20240427,17,4,P4,2024-Q2-P4
20240428,17,4,P4,2024-Q2-P4
20240429,18,4,P4,2024-Q2-P4
20240430,18,4,P4,2024-Q2-P4
20240501,18,4,P4,2024-Q2-P4
20240502,18,4,P4,2024-Q2-P4
20240503,18,4,P4,2024-Q2-P4
20240504,18,4,P4,2024-Q2-P4
20240505,18,4,P4,2024-Q2-P4
20240506,19,4,P4,2024-Q2-P4
20240507,19,4,P4,2024-Q2-P4
20240508,19,4,P4,2024-Q2-P4
20240509,19,4,P4,2024-Q2-P4
20240510,19,4,P4,2024-Q2-P4
20240511,19,4,P4,2024-Q2-P4
20240512,19,4,P4,2024-Q2-P4
20240513,20,4,P4,2024-Q2-P4
20240514,20,4,P4,2024-Q2-P4
20240515,20,4,P4,2024-Q2-P4
20240516,20,4,P4,2024-Q2-P4
20240517,20,4,P4,2024-Q2-P4
20240518,20,4,P4,2024-Q2-P4
20240519,20,4,P4,2024-Q2-P4
20240520,21,4,P4,2024-Q2-P4
20240521,21,4,P4,2024-Q2-P4
20240522,21,4,P4,2024-Q2-P4
20240523,21,4,P4,2024-Q2-P4
20240524,21,4,P4,2024-Q2-P4
20240525,21,4,P4,2024-Q2-P4
20240526,21,4,P4,2024-Q2-P4
20240527,22,4,P4,2024-Q2-P4
20240528,22,4,P4,2024-Q2-P4
20240529,22,4,P4,2024-Q2-P4
20240530,22,4,P4,2024-Q2-P4
20240531,22,4,P4,2024-Q2-P4
20240601,22,4,P4,2024-Q2-P4
20240602,22,4,P4,2024-Q2-P4
20240603,23,4,P4,2024-Q2-P4
20240604,23,4,P4,2024-Q2-P4
20240605,23,4,P4,2024-Q2-P4
20240606,23,4,P4,2024-Q2-P4
20240607,23,4,P4,2024-Q2-P4
20240608,23,4,P4,2024-Q2-P4
20240609,23,4,P4,2024-Q2-P4
20240610,24,4,P4,2024-Q2-P4
20240611,24,4,P4,2024-Q2-P4
20240612,24,4,P4,2024-Q2-P4
20240613,24,4,P4,2024-Q2-P4
20240614,24,4,P4,2024-Q2-P4
20240615,24,4,P4,2024-Q2-P4
20240616,24,4,P4,2024-Q2-P4
20240617,25,4,P4,2024-Q2-P4
20240618,25,4,P4,2024-Q2-P4
20240619,25,4,P4,2024-Q2-P4
20240620,25,4,P4,2024-Q2-P4
20240621,25,4,P4,2024-Q2-P4
20240622,25,4,P4,2024-Q2-P4
20240623,25,4,P4,2024-Q2-P4
20240624,26,4,P4,2024-Q2-P4
20240625,26,4,P4,2024-Q2-P4
20240626,26,4,P4,2024-Q2-P4
20240627,26,4,P4,2024-Q2-P4
20240628,26,4,P4,2024-Q2-P4
20240629,26,4,P4,2024-Q2-P4
20240630,26,4,P4,2024-Q2-P4
20240701,27,7,P7,2024-Q3-P7
20240702,27,7,P7,2024-Q3-P7
20240703,27,7,P7,2024-Q3-P7
20240704,27,7,P7,2024-Q3-P7
20240705,27,7,P7,2024-Q3-P7
20240706,27,7,P7,2024-Q3-P7
20240707,27,7,P7,2024-Q3-P7
20240708,28,7,P7,2024-Q3-P7
20240709,28,7,P7,2024-Q3-P7
20240710,28,7,P7,2024-Q3-P7
20240711,28,7,P7,2024-Q3-P7
20240712,28,7,P7,2024-Q3-P7
20240713,28,7,P7,2024-Q3-P7
20240714,28,7,P7,2024-Q3-P7
20240715,29,7,P7,2024-Q3-P7
20240716,29,7,P7,2024-Q3-P7
20240717,29,7,P7,2024-Q3-P7
20240718,29,7,P7,2024-Q3-P7
20240719,29,7,P7,2024-Q3-P7
20240720,29,7,P7,2024-Q3-P7
20240721,29,7,P7,2024-Q3-P7
20240722,30,7,P7,2024-Q3-P7
20240723,30,7,P7,2024-Q3-P7
20240724,30,7,P7,2024-Q3-P7
20240725,30,7,P7,2024-Q3-P7
20240726,30,7,P7,2024-Q3-P7
20240727,30,7,P7,2024-Q3-P7
20240728,30,7,P7,2024-Q3-P7
20240729,31,7,P7,2024-Q3-P7
20240730,31,7,P7,2024-Q3-P7
20240731,31,7,P7,2024-Q3-P7
20240801,31,7,P7,2024-Q3-P7
20240802,31,7,P7,2024-Q3-P7
20240803,31,7,P7,2024-Q3-P7
20240804,31,7,P7,2024-Q3-P7
20240805,32,7,P7,2024-Q3-P7
20240806,32,7,P7,2024-Q3-P7
20240807,32,7,P7,2024-Q3-P7
20240808,32,7,P7,2024-Q3-P7
20240809,32,7,P7,2024-Q3-P7
20240810,32,7,P7,2024-Q3-P7
20240811,32,7,P7,2024-Q3-P7
20240812,33,7,P7,2024-Q3-P7
20240813,33,7,P7,2024-Q3-P7
20240814,33,7,P7,2024-Q3-P7
20240815,33,7,P7,2024-Q3-P7
20240816,33,7,P7,2024-Q3-P7
20240817,33,7,P7,2024-Q3-P7
20240818,33,7,P7,2024-Q3-P7
20240819,34,7,P7,2024-Q3-P7
20240820,34,7,P7,2024-Q3-P7
20240821,34,7,P7,2024-Q3-P7
20240822,34,7,P7,2024-Q3-P7
20240823,34,7,P7,2024-Q3-P7
20240824,34,7,P7,2024-Q3-P7
20240825,34,7,P7,2024-Q3-P7
20240826,35,7,P7,2024-Q3-P7
20240827,35,7,P7,2024-Q3-P7
20240828,35,7,P7,2024-Q3-P7
20240829,35,7,P7,2024-Q3-P7
20240830,35,7,P7,2024-Q3-P7
20240831,35,7,P7,2024-Q3-P7
20240901,35,7,P7,2024-Q3-P7
20240902,36,7,P7,2024-Q3-P7
20240903,36,7,P7,2024-Q3-P7
20240904,36,7,P7,2024-Q3-P7
20240905,36,7,P7,2024-Q3-P7
20240906,36,7,P7,2024-Q3-P7
20240907,36,7,P7,2024-Q3-P7
20240908,36,7,P7,2024-Q3-P7
20240909,37,7,P7,2024-Q3-P7
20240910,37,7,P7,2024-Q3-P7
20240911,37,7,P7,2024-Q3-P7
20240912,37,7,P7,2024-Q3-P7
20240913,37,7,P7,2024-Q3-P7
20240914,37,7,P7,2024-Q3-P7
20240915,37,7,P7,2024-Q3-P7
20240916,38,7,P7,2024-Q3-P7
20240917,38,7,P7,2024-Q3-P7
20240918,38,7,P7,2024-Q3-P7
20240919,38,7,P7,2024-Q3-P7
20240920,38,7,P7,2024-Q3-P7
20240921,38,7,P7,2024-Q3-P7
20240922,38,7,P7,2024-Q3-P7
20240923,39,7,P7,2024-Q3-P7
20240924,39,7,P7,2024-Q3-P7
20240925,39,7,P7,2024-Q3-P7
20240926,39,7,P7,2024-Q3-P7
20240927,39,7,P7,2024-Q3-P7
20240928,39,7,P7,2024-Q3-P7
20240929,39,7,P7,2024-Q3-P7
20240930,40,7,P7,2024-Q3-P7
20241001,40,10,P10,2024-Q4-P10
20241002,40,10,P10,2024-Q4-P10
20241003,40,10,P10,2024-Q4-P10
20241004,40,10,P10,2024-Q4-P10
20241005,40,10,P10,2024-Q4-P10
20241006,40,10,P10,2024-Q4-P10
20241007,41,10,P10,2024-Q4-P10
20241008,41,10,P10,2024-Q4-P10
20241009,41,10,P10,2024-Q4-P10
20241010,41,10,P10,2024-Q4-P10
20241011,41,10,P10,2024-Q4-P10
20241012,41,10,P10,2024-Q4-P10
20241013,41,10,P10,2024-Q4-P10
20241014,42,10,P10,2024-Q4-P10
20241015,42,10,P10,2024-Q4-P10
20241016,42,10,P10,2024-Q4-P10
20241017,42,10,P10,2024-Q4-P10
20241018,42,10,P10,2024-Q4-P10
20241019,42,10,P10,2024-Q4-P10
20241020,42,10,P10,2024-Q4-P10
20241021,43,10,P10,2024-Q4-P10
20241022,43,10,P10,2024-Q4-P10
20241023,43,10,P10,2024-Q4-P10
20241024,43,10,P10,2024-Q4-P10
20241025,43,10,P10,2024-Q4-P10
20241026,43,10,P10,2024-Q4-P10
20241027,43,10,P10,2024-Q4-P10
20241028,44,10,P10,2024-Q4-P10
20241029,44,10,P10,2024-Q4-P10
20241030,44,10,P10,2024-Q4-P10
20241031,44,10,P10,2024-Q4-P10
20241101,44,10,P10,2024-Q4-P10
20241102,44,10,P10,2024-Q4-P10
20241103,44,10,P10,2024-Q4-P10
20241104,45,10,P10,2024-Q4-P10
20241105,45,10,P10,2024-Q4-P10
20241106,45,10,P10,2024-Q4-P10
20241107,45,10,P10,2024-Q4-P10
20241108,45,10,P10,2024-Q4-P10
20241109,45,10,P10,2024-Q4-P10
20241110,45,10,P10,2024-Q4-P10
20241111,46,10,P10,2024-Q4-P10
20241112,46,10,P10,2024-Q4-P10
20241113,46,10,P10,2024-Q4-P10
20241114,46,10,P10,2024-Q4-P10
20241115,46,10,P10,2024-Q4-P10
20241116,46,10,P10,2024-Q4-P10
20241117,46,10,P10,2024-Q4-P10
20241118,47,10,P10,2024-Q4-P10
20241119,47,10,P10,2024-Q4-P10
20241120,47,10,P10,2024-Q4-P10
20241121,47,10,P10,2024-Q4-P10
20241122,47,10,P10,2024-Q4-P10
20241123,47,10,P10,2024-Q4-P10
20241124,47,10,P10,2024-Q4-P10
20241125,48,10,P10,2024-Q4-P10
20241126,48,10,P10,2024-Q4-P10
20241127,48,10,P10,2024-Q4-P10
20241128,48,10,P10,2024-Q4-P10
20241129,48,10,P10,2024-Q4-P10
20241130,48,10,P10,2024-Q4-P10
20241201,48,10,P10,2024-Q4-P10
20241202,49,10,P10,2024-Q4-P10
20241203,49,10,P10,2024-Q4-P10
20241204,49,10,P10,2024-Q4-P10
20241205,49,10,P10,2024-Q4-P10
20241206,49,10,P10,2024-Q4-P10
20241207,49,10,P10,2024-Q4-P10
20241208,49,10,P10,2024-Q4-P10
20241209,50,10,P10,2024-Q4-P10
20241210,50,10,P10,2024-Q4-P10
20241211,50,10,P10,2024-Q4-P10
20241212,50,10,P10,2024-Q4-P10
20241213,50,10,P10,2024-Q4-P10
20241214,50,10,P10,2024-Q4-P10
20241215,50,10,P10,2024-Q4-P10
20241216,51,10,P10,2024-Q4-P10
20241217,51,10,P10,2024-Q4-P10
20241218,51,10,P10,2024-Q4-P10
20241219,51,10,P10,2024-Q4-P10
20241220,51,10,P10,2024-Q4-P10
20241221,51,10,P10,2024-Q4-P10
20241222,51,10,P10,2024-Q4-P10
20241223,52,10,P10,2024-Q4-P10
20241224,52,10,P10,2024-Q4-P10
20241225,52,10,P10,2024-Q4-P10
20241226,52,10,P10,2024-Q4-P10
20241227,52,10,P10,2024-Q4-P10
20241228,52,10,P10,2024-Q4-P10
20241229,52,10,P10,2024-Q4-P10
20241230,1,10,P10,2024-Q4-P10
20241231,1,10,P10,2024-Q4-P10
20250101,1,1,P1,2025-Q1-P1
20250102,1,1,P1,2025-Q1-P1
20250103,1,1,P1,2025-Q1-P1
20250104,1,1,P1,2025-Q1-P1
20250105,1,1,P1,2025-Q1-P1
20250106,2,1,P1,2025-Q1-P1
20250107,2,1,P1,2025-Q1-P1
20250108,2,1,P1,2025-Q1-P1
20250109,2,1,P1,2025-Q1-P1
20250110,2,1,P1,2025-Q1-P1
20250111,2,1,P1,2025-Q1-P1
20250112,2,1,P1,2025-Q1-P1
20250113,3,1,P1,2025-Q1-P1
20250114,3,1,P1,2025-Q1-P1
20250115,3,1,P1,2025-Q1-P1
20250116,3,1,P1,2025-Q1-P1
20250117,3,1,P1,2025-Q1-P1
20250118,3,1,P1,2025-Q1-P1
20250119,3,1,P1,2025-Q1-P1
20250120,4,1,P1,2025-Q1-P1
20250121,4,1,P1,2025-Q1-P1
20250122,4,1,P1,2025-Q1-P1
20250123,4,1,P1,2025-Q1-P1
20250124,4,1,P1,2025-Q1-P1
20250125,4,1,P1,2025-Q1-P1
20250126,4,1,P1,2025-Q1-P1
20250127,5,1,P1,2025-Q1-P1
20250128,5,1,P1,2025-Q1-P1
20250129,5,1,P1,2025-Q1-P1
20250130,5,1,P1,2025-Q1-P1
20250131,5,1,P1,2025-Q1-P1
20250201,5,1,P1,2025-Q1-P1
20250202,5,1,P1,2025-Q1-P1
20250203,6,1,P1,2025-Q1-P1
20250204,6,1,P1,2025-Q1-P1
20250205,6,1,P1,2025-Q1-P1
20250206,6,1,P1,2025-Q1-P1
20250207,6,1,P1,2025-Q1-P1
20250208,6,1,P1,2025-Q1-P1
20250209,6,1,P1,2025-Q1-P1
20250210,7,1,P1,2025-Q1-P1
20250211,7,1,P1,2025-Q1-P1
20250212,7,1,P1,2025-Q1-P1
20250213,7,1,P1,2025-Q1-P1
20250214,7,1,P1,2025-Q1-P1
20250215,7,1,P1,2025-Q1-P1
20250216,7,1,P1,2025-Q1-P1
20250217,8,1,P1,2025-Q1-P1
20250218,8,1,P1,2025-Q1-P1
20250219,8,1,P1,2025-Q1-P1
20250220,8,1,P1,2025-Q1-P1
20250221,8,1,P1,2025-Q1-P1
20250222,8,1,P1,2025-Q1-P1
20250223,8,1,P1,2025-Q1-P1
20250224,9,1,P1,2025-Q1-P1
20250225,9,1,P1,2025-Q1-P1
20250226,9,1,P1,2025-Q1-P1
20250227,9,1,P1,2025-Q1-P1
20250228,9,1,P1,2025-Q1-P1
20250301,9,1,P1,2025-Q1-P1
20250302,9,1,P1,2025-Q1-P1
20250303,10,1,P1,2025-Q1-P1
20250304,10,1,P1,2025-Q1-P1
20250305,10,1,P1,2025-Q1-P1
20250306,10,1,P1,2025-Q1-P1
20250307,10,1,P1,2025-Q1-P1
20250308,10,1,P1,2025-Q1-P1
20250309,10,1,P1,2025-Q1-P1
20250310,11,1,P1,2025-Q1-P1
20250311,11,1,P1,2025-Q1-P1
20250312,11,1,P1,2025-Q1-P1
20250313,11,1,P1,2025-Q1-P1
20250314,11,1,P1,2025-Q1-P1
20250315,11,1,P1,2025-Q1-P1
20250316,11,1,P1,2025-Q1-P1
20250317,12,1,P1,2025-Q1-P1
20250318,12,1,P1,2025-Q1-P1
20250319,12,1,P1,2025-Q1-P1
20250320,12,1,P1,2025-Q1-P1
20250321,12,1,P1,2025-Q1-P1
20250322,12,1,P1,2025-Q1-P1
20250323,12,1,P1,2025-Q1-P1
20250324,13,1,P1,2025-Q1-P1
20250325,13,1,P1,2025-Q1-P1
20250326,13,1,P1,2025-Q1-P1
20250327,13,1,P1,2025-Q1-P1
20250328,13,1,P1,2025-Q1-P1
20250329,13,1,P1,2025-Q1-P1
20250330,13,1,P1,2025-Q1-P1
20250331,14,1,P1,2025-Q1-P1
20250401,14,4,P4,2025-Q2-P4
20250402,14,4,P4,2025-Q2-P4
20250403,14,4,P4,2025-Q2-P4
20250404,14,4,P4,2025-Q2-P4
20250405,14,4,P4,2025-Q2-P4
20250406,14,4,P4,2025-Q2-P4
20250407,15,4,P4,2025-Q2-P4
20250408,15,4,P4,2025-Q2-P4
20250409,15,4,P4,2025-Q2-P4
20250410,15,4,P4,2025-Q2-P4
20250411,15,4,P4,2025-Q2-P4
20250412,15,4,P4,2025-Q2-P4
20250413,15,4,P4,2025-Q2-P4
20250414,16,4,P4,2025-Q2-P4
20250415,16,4,P4,2025-Q2-P4
20250416,16,4,P4,2025-Q2-P4
20250417,16,4,P4,2025-Q2-P4
20250418,16,4,P4,2025-Q2-P4
20250419,16,4,P4,2025-Q2-P4
20250420,16,4,P4,2025-Q2-P4
20250421,17,4,P4,2025-Q2-P4
20250422,17,4,P4,2025-Q2-P4
20250423,17,4,P4,2025-Q2-P4
20250424,17,4,P4,2025-Q2-P4
20250425,17,4,P4,2025-Q2-P4
20250426,17,4,P4,2025-Q2-P4
20250427,17,4,P4,2025-Q2-P4
20250428,18,4,P4,2025-Q2-P4
20250429,18,4,P4,2025-Q2-P4
20250430,18,4,P4,2025-Q2-P4
20250501,18,4,P4,2025-Q2-P4
20250502,18,4,P4,2025-Q2-P4
20250503,18,4,P4,2025-Q2-P4
20250504,18,4,P4,2025-Q2-P4
20250505,19,4,P4,2025-Q2-P4
20250506,19,4,P4,2025-Q2-P4
20250507,19,4,P4,2025-Q2-P4
20250508,19,4,P4,2025-Q2-P4
20250509,19,4,P4,2025-Q2-P4
20250510,19,4,P4,2025-Q2-P4
20250511,19,4,P4,2025-Q2-P4
20250512,20,4,P4,2025-Q2-P4
20250513,20,4,P4,2025-Q2-P4
20250514,20,4,P4,2025-Q2-P4
20250515,20,4,P4,2025-Q2-P4
20250516,20,4,P4,2025-Q2-P4
20250517,20,4,P4,2025-Q2-P4
20250518,20,4,P4,2025-Q2-P4
20250519,21,4,P4,2025-Q2-P4
20250520,21,4,P4,2025-Q2-P4
20250521,21,4,P4,2025-Q2-P4
20250522,21,4,P4,2025-Q2-P4
20250523,21,4,P4,2025-Q2-P4
20250524,21,4,P4,2025-Q2-P4
20250525,21,4,P4,2025-Q2-P4
20250526,22,4,P4,2025-Q2-P4
20250527,22,4,P4,2025-Q2-P4
20250528,22,4,P4,2025-Q2-P4
20250529,22,4,P4,2025-Q2-P4
20250530,22,4,P4,2025-Q2-P4
20250531,22,4,P4,2025-Q2-P4
20250601,22,4,P4,2025-Q2-P4
20250602,23,4,P4,2025-Q2-P4
20250603,23,4,P4,2025-Q2-P4
20250604,23,4,P4,2025-Q2-P4
20250605,23,4,P4,2025-Q2-P4
20250606,23,4,P4,2025-Q2-P4
20250607,23,4,P4,2025-Q2-P4
20250608,23,4,P4,2025-Q2-P4
20250609,24,4,P4,2025-Q2-P4
20250610,24,4,P4,2025-Q2-P4
20250611,24,4,P4,2025-Q2-P4
20250612,24,4,P4,2025-Q2-P4
20250613,24,4,P4,2025-Q2-P4
20250614,24,4,P4,2025-Q2-P4
20250615,24,4,P4,2025-Q2-P4
20250616,25,4,P4,2025-Q2-P4
20250617,25,4,P4,2025-Q2-P4
20250618,25,4,P4,2025-Q2-P4
20250619,25,4,P4,2025-Q2-P4
20250620,25,4,P4,2025-Q2-P4
20250621,25,4,P4,2025-Q2-P4
20250622,25,4,P4,2025-Q2-P4
20250623,26,4,P4,2025-Q2-P4
20250624,26,4,P4,2025-Q2-P4
20250625,26,4,P4,2025-Q2-P4
20250626,26,4,P4,2025-Q2-P4
20250627,26,4,P4,2025-Q2-P4
20250628,26,4,P4,2025-Q2-P4
20250629,26,4,P4,2025-Q2-P4
20250630,27,4,P4,2025-Q2-P4
20250701,27,7,P7,2025-Q3-P7
20250702,27,7,P7,2025-Q3-P7
20250703,27,7,P7,2025-Q3-P7
20250704,27,7,P7,2025-Q3-P7
20250705,27,7,P7,2025-Q3-P7
20250706,27,7,P7,2025-Q3-P7
20250707,28,7,P7,2025-Q3-P7
20250708,28,7,P7,2025-Q3-P7
20250709,28,7,P7,2025-Q3-P7
20250710,28,7,P7,2025-Q3-P7
20250711,28,7,P7,2025-Q3-P7
20250712,28,7,P7,2025-Q3-P7
20250713,28,7,P7,2025-Q3-P7
20250714,29,7,P7,2025-Q3-P7
20250715,29,7,P7,2025-Q3-P7
20250716,29,7,P7,2025-Q3-P7
20250717,29,7,P7,2025-Q3-P7
20250718,29,7,P7,2025-Q3-P7
20250719,29,7,P7,2025-Q3-P7
20250720,29,7,P7,2025-Q3-P7
20250721,30,7,P7,2025-Q3-P7
20250722,30,7,P7,2025-Q3-P7
20250723,30,7,P7,2025-Q3-P7
20250724,30,7,P7,2025-Q3-P7
20250725,30,7,P7,2025-Q3-P7
20250726,30,7,P7,2025-Q3-P7
20250727,30,7,P7,2025-Q3-P7
20250728,31,7,P7,2025-Q3-P7
20250729,31,7,P7,2025-Q3-P7
20250730,31,7,P7,2025-Q3-P7
20250731,31,7,P7,2025-Q3-P7
20250801,31,7,P7,2025-Q3-P7
20250802,31,7,P7,2025-Q3-P7
20250803,31,7,P7,2025-Q3-P7
20250804,32,7,P7,2025-Q3-P7
20250805,32,7,P7,2025-Q3-P7
20250806,32,7,P7,2025-Q3-P7
20250807,32,7,P7,2025-Q3-P7
20250808,32,7,P7,2025-Q3-P7
20250809,32,7,P7,2025-Q3-P7
20250810,32,7,P7,2025-Q3-P7
20250811,33,7,P7,2025-Q3-P7
20250812,33,7,P7,2025-Q3-P7
20250813,33,7,P7,2025-Q3-P7
20250814,33,7,P7,2025-Q3-P7
20250815,33,7,P7,2025-Q3-P7
20250816,33,7,P7,2025-Q3-P7
20250817,33,7,P7,2025-Q3-P7
20250818,34,7,P7,2025-Q3-P7
20250819,34,7,P7,2025-Q3-P7
20250820,34,7,P7,2025-Q3-P7
20250821,34,7,P7,2025-Q3-P7
20250822,34,7,P7,2025-Q3-P7
20250823,34,7,P7,2025-Q3-P7
20250824,34,7,P7,2025-Q3-P7
20250825,35,7,P7,2025-Q3-P7
20250826,35,7,P7,2025-Q3-P7
20250827,35,7,P7,2025-Q3-P7
20250828,35,7,P7,2025-Q3-P7
20250829,35,7,P7,2025-Q3-P7
20250830,35,7,P7,2025-Q3-P7
20250831,35,7,P7,2025-Q3-P7
20250901,36,7,P7,2025-Q3-P7
20250902,36,7,P7,2025-Q3-P7
20250903,36,7,P7,2025-Q3-P7
20250904,36,7,P7,2025-Q3-P7
20250905,36,7,P7,2025-Q3-P7
20250906,36,7,P7,2025-Q3-P7
20250907,36,7,P7,2025-Q3-P7
20250908,37,7,P7,2025-Q3-P7
20250909,37,7,P7,2025-Q3-P7
20250910,37,7,P7,2025-Q3-P7
20250911,37,7,P7,2025-Q3-P7
20250912,37,7,P7,2025-Q3-P7
20250913,37,7,P7,2025-Q3-P7
20250914,37,7,P7,2025-Q3-P7
20250915,38,7,P7,2025-Q3-P7
20250916,38,7,P7,2025-Q3-P7
20250917,38,7,P7,2025-Q3-P7
20250918,38,7,P7,2025-Q3-P7
20250919,38,7,P7,2025-Q3-P7
20250920,38,7,P7,2025-Q3-P7
20250921,38,7,P7,2025-Q3-P7
20250922,39,7,P7,2025-Q3-P7
20250923,39,7,P7,2025-Q3-P7
20250924,39,7,P7,2025-Q3-P7
20250925,39,7,P7,2025-Q3-P7
20250926,39,7,P7,2025-Q3-P7
20250927,39,7,P7,2025-Q3-P7
20250928,39,7,P7,2025-Q3-P7
20250929,40,7,P7,2025-Q3-P7
20250930,40,7,P7,2025-Q3-P7
20251001,40,10,P10,2025-Q4-P10
20251002,40,10,P10,2025-Q4-P10
20251003,40,10,P10,2025-Q4-P10
20251004,40,10,P10,2025-Q4-P10
20251005,40,10,P10,2025-Q4-P10
20251006,41,10,P10,2025-Q4-P10
20251007,41,10,P10,2025-Q4-P10
20251008,41,10,P10,2025-Q4-P10
20251009,41,10,P10,2025-Q4-P10
20251010,41,10,P10,2025-Q4-P10
20251011,41,10,P10,2025-Q4-P10
20251012,41,10,P10,2025-Q4-P10
20251013,42,10,P10,2025-Q4-P10
20251014,42,10,P10,2025-Q4-P10
20251015,42,10,P10,2025-Q4-P10
20251016,42,10,P10,2025-Q4-P10
20251017,42,10,P10,2025-Q4-P10
20251018,42,10,P10,2025-Q4-P10
20251019,42,10,P10,2025-Q4-P10
20251020,43,10,P10,2025-Q4-P10
20251021,43,10,P10,2025-Q4-P10
20251022,43,10,P10,2025-Q4-P10
20251023,43,10,P10,2025-Q4-P10
20251024,43,10,P10,2025-Q4-P10
20251025,43,10,P10,2025-Q4-P10
20251026,43,10,P10,2025-Q4-P10
20251027,44,10,P10,2025-Q4-P10
20251028,44,10,P10,2025-Q4-P10
20251029,44,10,P10,2025-Q4-P10
20251030,44,10,P10,2025-Q4-P10
20251031,44,10,P10,2025-Q4-P10
20251101,44,10,P10,2025-Q4-P10
20251102,44,10,P10,2025-Q4-P10
20251103,45,10,P10,2025-Q4-P10
20251104,45,10,P10,2025-Q4-P10
20251105,45,10,P10,2025-Q4-P10
20251106,45,10,P10,2025-Q4-P10
20251107,45,10,P10,2025-Q4-P10
20251108,45,10,P10,2025-Q4-P10
20251109,45,10,P10,2025-Q4-P10
20251110,46,10,P10,2025-Q4-P10
20251111,46,10,P10,2025-Q4-P10
20251112,46,10,P10,2025-Q4-P10
20251113,46,10,P10,2025-Q4-P10
20251114,46,10,P10,2025-Q4-P10
20251115,46,10,P10,2025-Q4-P10
20251116,46,10,P10,2025-Q4-P10
20251117,47,10,P10,2025-Q4-P10
20251118,47,10,P10,2025-Q4-P10
20251119,47,10,P10,2025-Q4-P10
20251120,47,10,P10,2025-Q4-P10
20251121,47,10,P10,2025-Q4-P10
20251122,47,10,P10,2025-Q4-P10
20251123,47,10,P10,2025-Q4-P10
20251124,48,10,P10,2025-Q4-P10
20251125,48,10,P10,2025-Q4-P10
20251126,48,10,P10,2025-Q4-P10
20251127,48,10,P10,2025-Q4-P10
20251128,48,10,P10,2025-Q4-P10
20251129,48,10,P10,2025-Q4-P10
20251130,48,10,P10,2025-Q4-P10
20251201,49,10,P10,2025-Q4-P10
20251202,49,10,P10,2025-Q4-P10
20251203,49,10,P10,2025-Q4-P10
20251204,49,10,P10,2025-Q4-P10
20251205,49,10,P10,2025-Q4-P10
20251206,49,10,P10,2025-Q4-P10
20251207,49,10,P10,2025-Q4-P10
20251208,50,10,P10,2025-Q4-P10
20251209,50,10,P10,2025-Q4-P10
20251210,50,10,P10,2025-Q4-P10
20251211,50,10,P10,2025-Q4-P10
20251212,50,10,P10,2025-Q4-P10
20251213,50,10,P10,2025-Q4-P10
20251214,50,10,P10,2025-Q4-P10
20251215,51,10,P10,2025-Q4-P10
20251216,51,10,P10,2025-Q4-P10
20251217,51,10,P10,2025-Q4-P10
20251218,51,10,P10,2025-Q4-P10
20251219,51,10,P10,2025-Q4-P10
20251220,51,10,P10,2025-Q4-P10
20251221,51,10,P10,2025-Q4-P10
20251222,52,10,P10,2025-Q4-P10
20251223,52,10,P10,2025-Q4-P10
20251224,52,10,P10,2025-Q4-P10
20251225,52,10,P10,2025-Q4-P10
20251226,52,10,P10,2025-Q4-P10
20251227,52,10,P10,2025-Q4-P10
20251228,52,10,P10,2025-Q4-P10
20251229,1,10,P10,2025-Q4-P10
20251230,1,10,P10,2025-Q4-P10
20251231,1,10,P10,2025-Q4-P10
20260101,1,1,P1,2026-Q1-P1
20260102,1,1,P1,2026-Q1-P1
20260103,1,1,P1,2026-Q1-P1
20260104,1,1,P1,2026-Q1-P1
20260105,2,1,P1,2026-Q1-P1
20260106,2,1,P1,2026-Q1-P1
20260107,2,1,P1,2026-Q1-P1
20260108,2,1,P1,2026-Q1-P1
20260109,2,1,P1,2026-Q1-P1
20260110,2,1,P1,2026-Q1-P1
20260111,2,1,P1,2026-Q1-P1
20260112,3,1,P1,2026-Q1-P1
20260113,3,1,P1,2026-Q1-P1
20260114,3,1,P1,2026-Q1-P1
20260115,3,1,P1,2026-Q1-P1
20260116,3,1,P1,2026-Q1-P1
20260117,3,1,P1,2026-Q1-P1
20260118,3,1,P1,2026-Q1-P1
20260119,4,1,P1,2026-Q1-P1
20260120,4,1,P1,2026-Q1-P1
20260121,4,1,P1,2026-Q1-P1
20260122,4,1,P1,2026-Q1-P1
20260123,4,1,P1,2026-Q1-P1
20260124,4,1,P1,2026-Q1-P1
20260125,4,1,P1,2026-Q1-P1
20260126,5,1,P1,2026-Q1-P1
20260127,5,1,P1,2026-Q1-P1
20260128,5,1,P1,2026-Q1-P1
20260129,5,1,P1,2026-Q1-P1
20260130,5,1,P1,2026-Q1-P1
20260131,5,1,P1,2026-Q1-P1
20260201,5,1,P1,2026-Q1-P1
20260202,6,1,P1,2026-Q1-P1
20260203,6,1,P1,2026-Q1-P1
20260204,6,1,P1,2026-Q1-P1
20260205,6,1,P1,2026-Q1-P1
20260206,6,1,P1,2026-Q1-P1
20260207,6,1,P1,2026-Q1-P1
20260208,6,1,P1,2026-Q1-P1
20260209,7,1,P1,2026-Q1-P1
20260210,7,1,P1,2026-Q1-P1
20260211,7,1,P1,2026-Q1-P1
20260212,7,1,P1,2026-Q1-P1
20260213,7,1,P1,2026-Q1-P1
20260214,7,1,P1,2026-Q1-P1
20260215,7,1,P1,2026-Q1-P1
20260216,8,1,P1,2026-Q1-P1
20260217,8,1,P1,2026-Q1-P1
20260218,8,1,P1,2026-Q1-P1
20260219,8,1,P1,2026-Q1-P1
20260220,8,1,P1,2026-Q1-P1
20260221,8,1,P1,2026-Q1-P1
20260222,8,1,P1,2026-Q1-P1
20260223,9,1,P1,2026-Q1-P1
20260224,9,1,P1,2026-Q1-P1
20260225,9,1,P1,2026-Q1-P1
20260226,9,1,P1,2026-Q1-P1
20260227,9,1,P1,2026-Q1-P1
20260228,9,1,P1,2026-Q1-P1
20260301,9,1,P1,2026-Q1-P1
20260302,10,1,P1,2026-Q1-P1
20260303,10,1,P1,2026-Q1-P1
20260304,10,1,P1,2026-Q1-P1
20260305,10,1,P1,2026-Q1-P1
20260306,10,1,P1,2026-Q1-P1
20260307,10,1,P1,2026-Q1-P1
20260308,10,1,P1,2026-Q1-P1
20260309,11,1,P1,2026-Q1-P1
20260310,11,1,P1,2026-Q1-P1
20260311,11,1,P1,2026-Q1-P1
20260312,11,1,P1,2026-Q1-P1
20260313,11,1,P1,2026-Q1-P1
20260314,11,1,P1,2026-Q1-P1
20260315,11,1,P1,2026-Q1-P1
20260316,12,1,P1,2026-Q1-P1
20260317,12,1,P1,2026-Q1-P1
20260318,12,1,P1,2026-Q1-P1
20260319,12,1,P1,2026-Q1-P1
20260320,12,1,P1,2026-Q1-P1
20260321,12,1,P1,2026-Q1-P1
20260322,12,1,P1,2026-Q1-P1
20260323,13,1,P1,2026-Q1-P1
20260324,13,1,P1,2026-Q1-P1
20260325,13,1,P1,2026-Q1-P1
20260326,13,1,P1,2026-Q1-P1
20260327,13,1,P1,2026-Q1-P1
20260328,13,1,P1,2026-Q1-P1
20260329,13,1,P1,2026-Q1-P1
20260330,14,1,P1,2026-Q1-P1
20260331,14,1,P1,2026-Q1-P1
20260401,14,4,P4,2026-Q2-P4
20260402,14,4,P4,2026-Q2-P4
20260403,14,4,P4,2026-Q2-P4
20260404,14,4,P4,2026-Q2-P4
20260405,14,4,P4,2026-Q2-P4
20260406,15,4,P4,2026-Q2-P4
20260407,15,4,P4,2026-Q2-P4
20260408,15,4,P4,2026-Q2-P4
20260409,15,4,P4,2026-Q2-P4
20260410,15,4,P4,2026-Q2-P4
20260411,15,4,P4,2026-Q2-P4
20260412,15,4,P4,2026-Q2-P4
20260413,16,4,P4,2026-Q2-P4
20260414,16,4,P4,2026-Q2-P4
20260415,16,4,P4,2026-Q2-P4
20260416,16,4,P4,2026-Q2-P4
20260417,16,4,P4,2026-Q2-P4
20260418,16,4,P4,2026-Q2-P4
20260419,16,4,P4,2026-Q2-P4
20260420,17,4,P4,2026-Q2-P4
20260421,17,4,P4,2026-Q2-P4
20260422,17,4,P4,2026-Q2-P4
20260423,17,4,P4,2026-Q2-P4
20260424,17,4,P4,2026-Q2-P4
20260425,17,4,P4,2026-Q2-P4
20260426,17,4,P4,2026-Q2-P4
20260427,18,4,P4,2026-Q2-P4
20260428,18,4,P4,2026-Q2-P4
20260429,18,4,P4,2026-Q2-P4
20260430,18,4,P4,2026-Q2-P4
20260501,18,4,P4,2026-Q2-P4
20260502,18,4,P4,2026-Q2-P4
20260503,18,4,P4,2026-Q2-P4
20260504,19,4,P4,2026-Q2-P4
20260505,19,4,P4,2026-Q2-P4
20260506,19,4,P4,2026-Q2-P4
20260507,19,4,P4,2026-Q2-P4
20260508,19,4,P4,2026-Q2-P4
20260509,19,4,P4,2026-Q2-P4
20260510,19,4,P4,2026-Q2-P4
20260511,20,4,P4,2026-Q2-P4
20260512,20,4,P4,2026-Q2-P4
20260513,20,4,P4,2026-Q2-P4
20260514,20,4,P4,2026-Q2-P4
20260515,20,4,P4,2026-Q2-P4
20260516,20,4,P4,2026-Q2-P4
20260517,20,4,P4,2026-Q2-P4
20260518,21,4,P4,2026-Q2-P4
20260519,21,4,P4,2026-Q2-P4
20260520,21,4,P4,2026-Q2-P4
20260521,21,4,P4,2026-Q2-P4
20260522,21,4,P4,2026-Q2-P4
20260523,21,4,P4,2026-Q2-P4
20260524,21,4,P4,2026-Q2-P4
20260525,22,4,P4,2026-Q2-P4
20260526,22,4,P4,2026-Q2-P4
20260527,22,4,P4,2026-Q2-P4
20260528,22,4,P4,2026-Q2-P4
20260529,22,4,P4,2026-Q2-P4
20260530,22,4,P4,2026-Q2-P4
20260531,22,4,P4,2026-Q2-P4
20260601,23,4,P4,2026-Q2-P4
20260602,23,4,P4,2026-Q2-P4
20260603,23,4,P4,2026-Q2-P4
20260604,23,4,P4,2026-Q2-P4
20260605,23,4,P4,2026-Q2-P4
20260606,23,4,P4,2026-Q2-P4
20260607,23,4,P4,2026-Q2-P4
20260608,24,4,P4,2026-Q2-P4
20260609,24,4,P4,2026-Q2-P4
20260610,24,4,P4,2026-Q2-P4
20260611,24,4,P4,2026-Q2-P4
20260612,24,4,P4,2026-Q2-P4
20260613,24,4,P4,2026-Q2-P4
20260614,24,4,P4,2026-Q2-P4
20260615,25,4,P4,2026-Q2-P4
20260616,25,4,P4,2026-Q2-P4
20260617,25,4,P4,2026-Q2-P4
20260618,25,4,P4,2026-Q2-P4
20260619,25,4,P4,2026-Q2-P4
20260620,25,4,P4,2026-Q2-P4
20260621,25,4,P4,2026-Q2-P4
20260622,26,4,P4,2026-Q2-P4
20260623,26,4,P4,2026-Q2-P4
20260624,26,4,P4,2026-Q2-P4
20260625,26,4,P4,2026-Q2-P4
20260626,26,4,P4,2026-Q2-P4
20260627,26,4,P4,2026-Q2-P4
20260628,26,4,P4,2026-Q2-P4
20260629,27,4,P4,2026-Q2-P4
20260630,27,4,P4,2026-Q2-P4
