ProductKey,ProductName,ASIN,Brand,CategoryKey,SubCategory,UnitCost,ListPrice,LaunchDate,Status,VendorKey
1,Milbrook Deluxe Coffee Beans 1kg,B072671672,Milbrook,6,Coffee Beans 1kg,83.35,128.02,2023-07-04,Active,55
2,Roverly UltraLight LED Work Light,B038088632,Roverly,15,LED Work Light,74.22,108.79,2019-07-21,Active,35
3,Milbrook Smart Tape Measure,B090535969,Milbrook,15,Tape Measure,166.44,326.03,2020-04-19,Discontinued,128
4,Cinder EcoFriendly BBQ Grill,B049785651,Cinder,19,BBQ Grill,164.64,279.54,2019-01-25,Active,88
5,Milbrook Premium Action Camera,B075170480,Milbrook,23,Action Camera,115.28,163.2,2023-02-01,Active,84
6,Fjord Premium Carry-On Suitcase,B098213938,Fjord,20,Carry-On Suitcase,92.39,195.36,2021-09-16,Active,62
7,Halcyon Premium Memory Card 128GB,B064952704,Halcyon,23,Memory Card 128GB,70.48,169.43,2024-08-27,Active,113
8,Lumen Advanced Blender,B047003110,Lumen,2,Blender,138.7,211.32,2019-02-24,Active,10
9,Pallet Wireless Solar Lights,B021484508,Pallet,19,Solar Lights,96.68,228.25,2019-02-24,Active,57
10,Fjord UltraLight Water Bottle,B034444321,Fjord,5,Water Bottle,22.32,52.67,2022-07-11,Active,88
11,Basecamp Pro Olive Oil,B065842822,Basecamp,6,Olive Oil,28.83,54.42,2021-04-02,Active,85
12,Alto Portable Laptop Stand,B031232430,Alto,11,Laptop Stand,117.15,262.97,2024-04-04,Active,11
13,Vireo Signature Travel Backpack,B016193956,Vireo,20,Travel Backpack,67.9,97.85,2023-04-05,Active,137
14,Cinder Essential Standing Desk,B074910615,Cinder,9,Standing Desk,42.63,109.54,2022-10-19,Active,120
15,Verve Advanced RC Car,B054599847,Verve,4,RC Car,89.32,179.98,2020-06-04,Active,25
16,Milbrook Deluxe Controller,B076268268,Milbrook,17,Controller,78.22,121.92,2024-09-07,Active,37
17,Wrenfield Deluxe RC Car,B030080673,Wrenfield,4,RC Car,97.22,231.2,2019-02-10,Active,122
18,Trailhead Everyday Watch Band,B067701082,Trailhead,21,Watch Band,28.64,49.16,2020-10-07,Active,12
19,Meadow Smart Smart Plug,B091250937,Meadow,1,Smart Plug,104.9,252.36,2020-12-02,Active,130
20,Milbrook Deluxe Mouse Pad XL,B034694812,Milbrook,17,Mouse Pad XL,36.45,54.98,2022-10-26,Active,40
21,Verve Pro Packing Cubes,B041354977,Verve,20,Packing Cubes,130.99,279.33,2022-08-26,Active,150
22,Northline UltraLight Cookware Set,B096654442,Northline,2,Cookware Set,51.5,105.46,2023-10-29,Active,109
23,Orin Compact Packing Cubes,B050539152,Orin,20,Packing Cubes,139.68,213.42,2025-06-01,Active,61
24,Trailhead UltraLight Ukulele,B020047595,Trailhead,18,Ukulele,84.9,126.6,2022-06-06,Active,102
25,Basecamp HeavyDuty Gaming Headset,B064706505,Basecamp,17,Gaming Headset,20.12,50.32,2021-11-06,Active,47
26,Sundial Advanced Shaver,B032992356,Sundial,3,Shaver,157.64,359.21,2023-10-17,Active,25
27,Cinder Smart Stroller,B045119150,Cinder,13,Stroller,42.93,110.98,2023-04-11,Active,16
28,Meadow Everyday Silver Necklace,B031900146,Meadow,21,Silver Necklace,9.97,22.3,2019-05-17,Discontinued,59
29,Meadow Compact Label Printer,B034728848,Meadow,11,Label Printer,84.11,170.48,2020-09-06,Active,108
30,Vireo Portable Camera Bag,B022267883,Vireo,23,Camera Bag,159.76,325.32,2019-07-02,Active,120
31,Halcyon Pro Ergonomic Mouse,B017152747,Halcyon,11,Ergonomic Mouse,114.16,281.2,2022-12-20,Active,55
32,Vireo Classic Pet Carrier,B016733215,Vireo,10,Pet Carrier,7.74,18.96,2022-07-21,Discontinued,123
33,Verve Portable Tape Measure,B088414095,Verve,15,Tape Measure,74.74,147.68,2020-11-27,Active,121
34,Meadow Advanced Sewing Kit,B056695565,Meadow,25,Sewing Kit,95.96,218.67,2024-08-12,Active,68
35,Basecamp Advanced Keyboard 61-Key,B077506574,Basecamp,18,Keyboard 61-Key,11.41,16.22,2024-06-21,Active,88
36,Basecamp HeavyDuty Digital Thermometer,B068327846,Basecamp,14,Digital Thermometer,142.4,214.64,2020-12-10,Active,46
37,Halcyon Advanced Puzzle Book,B065498298,Halcyon,16,Puzzle Book,178.1,408.21,2021-02-10,Active,93
38,Halcyon Wireless Slippers,B017456985,Halcyon,8,Slippers,25.18,36.67,2021-04-04,Active,3
39,Roverly Essential Rice Cooker,B085785788,Roverly,24,Rice Cooker,42.07,85.06,2021-11-09,Active,82
40,Kestrel UltraLight Cordless Drill,B034586222,Kestrel,15,Cordless Drill,147.59,246.38,2021-06-11,Active,68
41,Milbrook Compact Sketchbook,B044045468,Milbrook,16,Sketchbook,158.43,272.3,2021-09-14,Active,76
42,Roverly Smart Protein Powder,B010605409,Roverly,6,Protein Powder,119.32,245.92,2021-08-12,Active,38
43,Sundial Essential Bookshelf,B093665691,Sundial,9,Bookshelf,91.27,136.65,2023-09-08,Active,81
44,Halcyon UltraLight Denim Jeans,B027434167,Halcyon,7,Denim Jeans,88.58,186.98,2022-09-08,Active,40
45,Halcyon Portable Packing Cubes,B019456807,Halcyon,20,Packing Cubes,133.17,269.74,2025-07-11,Active,59
46,Halcyon Smart Gaming Chair,B061900771,Halcyon,17,Gaming Chair,151.31,338.48,2022-04-08,Active,7
47,Halcyon EcoFriendly Plush Toy,B032098345,Halcyon,4,Plush Toy,157.44,225.94,2026-01-26,Active,107
48,Meadow Advanced Tea Sampler,B042073692,Meadow,6,Tea Sampler,32.29,76.9,2020-08-11,Active,13
49,Orin Premium RC Car,B048965695,Orin,4,RC Car,115.2,197.2,2020-11-30,Active,70
50,Meadow Advanced Gaming Chair,B042735803,Meadow,17,Gaming Chair,99.26,253.67,2022-12-06,Active,37
51,Alto Deluxe Sketchbook,B053497663,Alto,16,Sketchbook,34.58,80.4,2020-12-31,Active,150
52,Northline Classic Running Shoes,B030353727,Northline,8,Running Shoes,14.19,21.14,2025-03-07,Active,125
53,Milbrook Everyday Sneakers,B014421590,Milbrook,8,Sneakers,148.59,274.33,2025-11-11,Active,29
54,Kestrel Premium Coffee Maker,B067641756,Kestrel,2,Coffee Maker,83.44,133.2,2021-06-05,Active,116
55,Pallet Signature Toaster,B036267668,Pallet,24,Toaster,44.49,69.3,2021-09-15,Discontinued,101
56,Lumen Pro Cotton T-Shirt,B023245696,Lumen,7,Cotton T-Shirt,137.78,266.02,2023-03-11,Active,15
57,Kestrel Portable Gaming Headset,B098511758,Kestrel,17,Gaming Headset,9.48,20.69,2023-12-15,Active,27
58,Verve Advanced Sneakers,B014437677,Verve,8,Sneakers,20.04,31.75,2021-11-16,Active,131
59,Kestrel HeavyDuty Patio Heater,B029659206,Kestrel,19,Patio Heater,36.64,71.61,2025-03-03,Active,84
60,Lumen Smart Bed Frame,B067661940,Lumen,9,Bed Frame,43.7,69.61,2021-10-10,Active,88
61,Verve Portable LED Work Light,B098240465,Verve,15,LED Work Light,6.05,9.0,2022-09-05,Active,95
62,Northline Portable Bookshelf,B060495701,Northline,9,Bookshelf,171.67,427.35,2021-02-17,Active,41
63,Pallet HeavyDuty Cordless Drill,B074274067,Pallet,15,Cordless Drill,29.08,58.12,2022-01-14,Active,97
64,Northline Premium Journal,B070350105,Northline,16,Journal,159.33,238.84,2024-12-03,Active,103
65,Wrenfield Advanced Analog Watch,B056462256,Wrenfield,22,Analog Watch,148.57,215.34,2020-03-03,Discontinued,61
66,Lumen EcoFriendly Phone Mount,B053148703,Lumen,12,Phone Mount,108.68,232.57,2025-03-20,Active,8
67,Roverly HeavyDuty Blender,B080189955,Roverly,2,Blender,147.41,220.55,2022-01-12,Active,22
68,Kestrel Signature Tool Set,B092162634,Kestrel,15,Tool Set,11.17,17.84,2019-01-14,Active,12
69,Halcyon Portable Kids Watch,B046286070,Halcyon,22,Kids Watch,112.37,201.68,2021-01-19,Active,32
70,Wrenfield HeavyDuty Packing Cubes,B058226615,Wrenfield,20,Packing Cubes,7.67,16.75,2020-07-02,Restricted,131
71,Kestrel Classic Puzzle 1000pc,B042997728,Kestrel,4,Puzzle 1000pc,42.82,81.45,2022-05-15,Active,49
72,Basecamp Signature Rice Cooker,B030808635,Basecamp,24,Rice Cooker,64.88,119.72,2026-01-23,Active,96
73,Vireo Pro Controller,B060277283,Vireo,17,Controller,89.65,219.47,2022-12-12,Active,115
74,Cinder Deluxe Stud Earrings,B071688718,Cinder,21,Stud Earrings,71.56,140.18,2024-08-30,Active,26
75,Trailhead Advanced Camera Bag,B039124900,Trailhead,23,Camera Bag,45.81,117.53,2020-01-10,Active,41
76,Roverly Deluxe Vacuum Cleaner,B016491878,Roverly,2,Vacuum Cleaner,108.35,227.03,2019-05-10,Active,123
77,Vireo Smart Car Vacuum,B031320139,Vireo,12,Car Vacuum,155.01,218.69,2023-01-12,Active,45
78,Kestrel Classic Laptop Stand,B066437579,Kestrel,11,Laptop Stand,81.8,147.0,2023-06-17,Active,1
79,Fjord Pro Glue Gun Kit,B076575221,Fjord,25,Glue Gun Kit,112.62,253.18,2020-07-29,Active,121
80,Roverly Essential 4K Monitor,B048090551,Roverly,1,4K Monitor,120.83,237.98,2023-07-14,Active,134
81,Wrenfield EcoFriendly Digital Thermometer,B097818521,Wrenfield,14,Digital Thermometer,177.66,274.94,2022-08-09,Active,119
82,Basecamp Deluxe Skincare Set,B054336333,Basecamp,3,Skincare Set,168.36,299.58,2021-10-05,Active,20
83,Milbrook Compact Storage Ottoman,B085643942,Milbrook,9,Storage Ottoman,7.06,12.62,2022-04-23,Active,38
84,Halcyon Everyday Planner 2026,B083798006,Halcyon,16,Planner 2026,29.26,73.96,2021-06-10,Active,85
85,Fjord Everyday Building Blocks Set,B099763925,Fjord,4,Building Blocks Set,31.48,52.93,2023-02-27,Active,55
86,Trailhead EcoFriendly Electric Toothbrush,B044831079,Trailhead,3,Electric Toothbrush,7.08,11.99,2019-10-30,Active,72
87,Alto Advanced Hair Dryer,B071585037,Alto,3,Hair Dryer,123.07,204.15,2024-06-22,Active,69
88,Vireo Classic Running Shoes,B012825896,Vireo,8,Running Shoes,179.9,262.27,2023-05-28,Restricted,13
89,Halcyon Essential Smart Watch,B093428995,Halcyon,22,Smart Watch,54.81,83.91,2020-05-08,Active,82
90,Halcyon Smart Dive Watch,B034733272,Halcyon,22,Dive Watch,147.94,228.46,2021-04-01,Active,65
91,Meadow Classic Coffee Maker,B021748768,Meadow,2,Coffee Maker,103.17,191.54,2023-02-05,Active,35
92,Milbrook Deluxe Winter Coat,B011912584,Milbrook,7,Winter Coat,110.21,242.67,2021-08-19,Active,26
93,Cinder Deluxe Stud Earrings,B070795662,Cinder,21,Stud Earrings,30.22,61.41,2023-10-30,Active,87
94,Milbrook HeavyDuty Stroller,B047710964,Milbrook,13,Stroller,7.21,11.79,2021-10-11,Active,25
95,Roverly EcoFriendly Nursery Lamp,B042945953,Roverly,13,Nursery Lamp,38.7,76.43,2021-02-25,Active,117
96,Roverly Advanced Nursery Lamp,B081226787,Roverly,13,Nursery Lamp,97.68,204.85,2019-04-16,Active,2
97,Alto Portable Running Shoes,B077284075,Alto,8,Running Shoes,148.88,301.78,2022-07-10,Active,141
98,Trailhead Classic Ergonomic Mouse,B023952821,Trailhead,11,Ergonomic Mouse,165.52,316.05,2023-12-04,Active,120
99,Roverly Classic Smart Plug,B049541461,Roverly,1,Smart Plug,171.45,363.81,2022-07-24,Active,26
100,Trailhead Signature Ergonomic Mouse,B051538255,Trailhead,11,Ergonomic Mouse,34.76,63.71,2025-01-08,Active,91
101,Wrenfield Pro Chew Toy Pack,B081537554,Wrenfield,10,Chew Toy Pack,132.82,321.61,2019-05-26,Active,69
102,Cinder Wireless Controller,B082892046,Cinder,17,Controller,155.85,258.72,2020-10-23,Active,11
103,Pallet Smart Blender,B091756929,Pallet,2,Blender,115.23,169.4,2021-07-09,Active,7
104,Kestrel Compact Glue Gun Kit,B024578363,Kestrel,25,Glue Gun Kit,81.92,158.51,2025-11-11,Active,68
105,Trailhead Deluxe Cat Tree,B097144164,Trailhead,10,Cat Tree,163.37,380.19,2019-02-05,Active,131
106,Northline UltraLight Baby Monitor,B031088012,Northline,13,Baby Monitor,43.89,80.14,2020-12-08,Active,130
107,Cinder Essential Bed Frame,B017334901,Cinder,9,Bed Frame,45.13,92.43,2023-10-02,Active,58
108,Lumen Deluxe BBQ Grill,B061112289,Lumen,19,BBQ Grill,13.21,24.49,2022-05-17,Active,116
109,Alto Classic Notebook Pack,B071108534,Alto,11,Notebook Pack,173.25,374.56,2021-10-13,Active,121
110,Sundial Premium Nursery Lamp,B042325149,Sundial,13,Nursery Lamp,121.02,284.95,2023-08-07,Active,92
111,Basecamp UltraLight Sandals,B075749277,Basecamp,8,Sandals,133.74,310.59,2025-06-26,Active,150
112,Meadow UltraLight Dash Cam,B013341861,Meadow,12,Dash Cam,156.18,332.69,2025-11-12,Active,142
113,Wrenfield Premium Shaver,B097210744,Wrenfield,3,Shaver,64.13,119.1,2024-07-03,Active,75
114,Alto Pro BBQ Grill,B061914894,Alto,19,BBQ Grill,157.71,251.41,2020-02-10,Restricted,101
115,Cinder Classic Sneakers,B022670380,Cinder,8,Sneakers,167.78,258.32,2020-08-16,Active,134
116,Pallet Everyday Kettle,B030892578,Pallet,24,Kettle,18.24,34.36,2019-05-10,Active,20
117,Vireo Classic Cat Tree,B064206558,Vireo,10,Cat Tree,27.32,66.51,2019-06-13,Active,110
118,Kestrel Pro Hiking Backpack,B034362375,Kestrel,5,Hiking Backpack,171.69,410.38,2023-08-04,Active,25
119,Cinder Portable Winter Coat,B036379085,Cinder,7,Winter Coat,173.98,333.87,2020-06-26,Active,60
120,Vireo EcoFriendly Jump Starter,B028392993,Vireo,12,Jump Starter,118.44,187.42,2023-03-21,Active,130
121,Roverly Compact Ring Light,B062097172,Roverly,23,Ring Light,177.13,298.82,2022-01-27,Active,115
122,Alto Premium Notebook Pack,B018815995,Alto,11,Notebook Pack,115.44,193.32,2024-11-18,Active,52
123,Lumen HeavyDuty Drum Pad,B040590972,Lumen,18,Drum Pad,78.99,122.98,2023-05-17,Active,92
124,Basecamp Portable Tea Sampler,B092430197,Basecamp,6,Tea Sampler,5.94,11.28,2025-09-18,Active,149
125,Meadow Everyday Stroller,B028463212,Meadow,13,Stroller,112.93,201.94,2024-07-02,Restricted,82
126,Alto Portable Storage Ottoman,B082487614,Alto,9,Storage Ottoman,69.37,119.25,2025-09-08,Active,117
127,Alto Advanced Stud Earrings,B041216359,Alto,21,Stud Earrings,156.18,264.28,2020-08-16,Active,42
128,Halcyon Classic Sketchbook,B032897064,Halcyon,16,Sketchbook,27.43,41.76,2020-01-28,Active,60
129,Trailhead Premium Storage Ottoman,B064254875,Trailhead,9,Storage Ottoman,167.74,285.77,2025-03-29,Active,34
130,Fjord Deluxe Packing Cubes,B042038060,Fjord,20,Packing Cubes,43.95,108.44,2021-05-05,Active,87
131,Halcyon UltraLight Rice Cooker,B059896930,Halcyon,24,Rice Cooker,10.69,24.54,2020-02-12,Active,133
132,Fjord Essential Tape Measure,B018589747,Fjord,15,Tape Measure,66.17,116.18,2023-08-02,Active,135
133,Milbrook HeavyDuty Sandals,B071730143,Milbrook,8,Sandals,76.54,157.64,2024-07-30,Active,138
134,Fjord Premium Planner 2026,B088113713,Fjord,16,Planner 2026,139.38,299.61,2025-11-15,Active,36
135,Pallet Pro Webcam,B055961405,Pallet,1,Webcam,16.19,41.31,2019-04-29,Active,10
136,Cinder Pro Dive Watch,B095567156,Cinder,22,Dive Watch,87.48,134.43,2021-02-19,Discontinued,144
137,Milbrook Compact Nursery Lamp,B015418952,Milbrook,13,Nursery Lamp,11.7,17.94,2025-02-08,Active,59
138,Wrenfield Classic Shaver,B094749483,Wrenfield,3,Shaver,169.98,287.07,2023-10-15,Active,113
139,Meadow Wireless Massage Gun,B031654924,Meadow,14,Massage Gun,152.99,382.89,2025-01-05,Active,126
140,Milbrook EcoFriendly Slow Cooker,B038899868,Milbrook,24,Slow Cooker,51.4,105.24,2021-02-08,Active,27
141,Roverly Signature Solar Lights,B040779669,Roverly,19,Solar Lights,93.03,224.09,2020-04-05,Active,97
142,Meadow Signature Laptop Stand,B029748999,Meadow,11,Laptop Stand,105.58,258.94,2022-02-08,Active,144
143,Basecamp HeavyDuty Air Fryer,B030686655,Basecamp,2,Air Fryer,159.14,275.87,2023-02-15,Active,10
144,Meadow Advanced Plush Toy,B020916876,Meadow,4,Plush Toy,112.24,249.79,2024-11-29,Active,86
145,Cinder Classic Sewing Kit,B016739013,Cinder,25,Sewing Kit,135.25,222.21,2023-11-14,Active,101
146,Roverly Pro Stroller,B065073945,Roverly,13,Stroller,82.96,188.03,2026-01-27,Active,54
147,Lumen Classic Glue Gun Kit,B062496899,Lumen,25,Glue Gun Kit,33.37,53.98,2021-07-29,Active,3
148,Alto Classic Tea Sampler,B046059026,Alto,6,Tea Sampler,13.29,26.37,2020-08-16,Active,60
149,Pallet Premium BBQ Grill,B025663645,Pallet,19,BBQ Grill,30.22,67.53,2022-01-04,Restricted,117
150,Sundial Wireless Notebook Pack,B083476576,Sundial,11,Notebook Pack,69.73,107.86,2024-11-30,Active,116
151,Roverly EcoFriendly Action Camera,B084002592,Roverly,23,Action Camera,179.71,452.82,2024-01-11,Active,4
152,Roverly Signature Winter Coat,B050253576,Roverly,7,Winter Coat,76.14,183.33,2019-03-16,Discontinued,69
153,Trailhead Pro Microwave,B092450685,Trailhead,24,Microwave,62.87,89.99,2024-02-29,Active,81
154,Trailhead Portable Charm Bracelet,B062209619,Trailhead,21,Charm Bracelet,154.08,257.41,2020-08-03,Active,74
155,Lumen Pro Microphone Kit,B023487010,Lumen,18,Microphone Kit,115.09,168.01,2021-10-06,Active,57
156,Orin Deluxe Neck Pillow,B015905950,Orin,20,Neck Pillow,31.97,68.17,2019-07-07,Discontinued,36
157,Cinder Advanced Chew Toy Pack,B010019675,Cinder,10,Chew Toy Pack,11.85,17.11,2021-06-21,Active,138
158,Halcyon Smart Toaster,B020151607,Halcyon,24,Toaster,51.19,81.27,2022-06-05,Active,82
159,Alto EcoFriendly Dash Cam,B068835615,Alto,12,Dash Cam,59.47,138.34,2022-11-23,Active,148
160,Cinder Classic Smart Plug,B063889337,Cinder,1,Smart Plug,142.64,306.58,2019-06-14,Restricted,69
161,Basecamp Everyday Sports Watch,B050956756,Basecamp,22,Sports Watch,103.5,202.52,2024-02-24,Active,117
162,Trailhead Signature Digital Thermometer,B060538135,Trailhead,14,Digital Thermometer,19.64,43.61,2025-05-25,Active,98
163,Milbrook Classic Notebook Pack,B092249313,Milbrook,11,Notebook Pack,15.91,35.79,2020-06-12,Active,98
164,Basecamp Classic Acoustic Guitar,B088326927,Basecamp,18,Acoustic Guitar,170.44,412.46,2019-04-08,Active,125
165,Roverly UltraLight Digital Thermometer,B098934079,Roverly,14,Digital Thermometer,94.2,223.04,2020-09-02,Active,49
166,Alto Pro Dive Watch,B015384935,Alto,22,Dive Watch,137.19,277.57,2025-08-20,Active,116
167,Orin Advanced Puzzle 1000pc,B021616152,Orin,4,Puzzle 1000pc,102.59,236.05,2021-05-30,Active,131
168,Trailhead Premium Winter Coat,B051245272,Trailhead,7,Winter Coat,91.62,139.86,2023-12-20,Active,147
169,Milbrook Wireless Plush Toy,B059840603,Milbrook,4,Plush Toy,39.86,80.84,2025-12-30,Active,85
170,Roverly Signature Cordless Drill,B053391803,Roverly,15,Cordless Drill,165.06,336.66,2026-02-14,Active,12
171,Sundial Everyday Solar Lights,B064134634,Sundial,19,Solar Lights,154.86,385.19,2023-07-08,Restricted,129
172,Sundial HeavyDuty Activewear Set,B066366866,Sundial,7,Activewear Set,30.77,59.34,2025-08-10,Active,12
173,Sundial Advanced Sandals,B060122260,Sundial,8,Sandals,177.96,352.79,2021-10-09,Active,4
174,Basecamp Deluxe Bed Frame,B075532833,Basecamp,9,Bed Frame,102.52,208.41,2024-04-23,Active,133
175,Orin Portable High Chair,B051156155,Orin,13,High Chair,148.16,303.57,2025-03-08,Active,139
176,Cinder Signature Camping Tent,B039012949,Cinder,5,Camping Tent,84.83,155.18,2022-06-03,Active,30
177,Northline Essential Electric Toothbrush,B099856306,Northline,3,Electric Toothbrush,46.22,72.58,2019-02-10,Active,58
178,Sundial Smart Puzzle Book,B054474126,Sundial,16,Puzzle Book,105.6,241.37,2023-08-02,Active,33
179,Sundial Portable Drum Pad,B040671003,Sundial,18,Drum Pad,22.72,40.39,2025-04-14,Active,148
180,Fjord Premium Bed Frame,B038563971,Fjord,9,Bed Frame,16.79,25.06,2023-05-22,Active,47
181,Pallet Wireless Chew Toy Pack,B040912354,Pallet,10,Chew Toy Pack,137.63,341.92,2020-07-04,Active,115
182,Vireo Deluxe Coffee Beans 1kg,B076134855,Vireo,6,Coffee Beans 1kg,82.68,161.43,2020-05-15,Active,147
183,Verve Pro Craft Storage Box,B020539669,Verve,25,Craft Storage Box,11.4,26.08,2019-06-03,Active,83
184,Trailhead Wireless Phone Mount,B044020414,Trailhead,12,Phone Mount,127.08,305.93,2025-01-29,Active,124
185,Roverly HeavyDuty Baby Monitor,B050580924,Roverly,13,Baby Monitor,83.17,138.24,2022-12-31,Active,30
186,Pallet Premium Cookbook,B031725224,Pallet,16,Cookbook,109.31,192.02,2025-07-09,Active,68
187,Vireo UltraLight Resistance Bands,B015051646,Vireo,5,Resistance Bands,121.53,256.66,2023-07-14,Active,62
188,Cinder Advanced Microwave,B056597588,Cinder,24,Microwave,106.57,276.5,2023-05-05,Active,69
189,Kestrel Essential Watch Band,B065620931,Kestrel,21,Watch Band,89.95,205.54,2024-04-12,Active,65
190,Roverly Everyday Massage Gun,B063789198,Roverly,14,Massage Gun,18.47,46.04,2025-01-30,Active,26
191,Fjord Portable Shaver,B074999068,Fjord,3,Shaver,170.87,330.51,2020-05-19,Active,55
192,Alto HeavyDuty Watch Band,B065967937,Alto,21,Watch Band,71.67,142.28,2023-02-24,Active,91
193,Fjord Premium Dog Bed,B046575804,Fjord,10,Dog Bed,115.6,171.68,2024-04-20,Active,27
194,Trailhead HeavyDuty Ukulele,B046926887,Trailhead,18,Ukulele,174.99,314.56,2021-05-16,Active,84
195,Lumen Portable Carry-On Suitcase,B033499306,Lumen,20,Carry-On Suitcase,154.33,225.23,2022-03-05,Active,97
196,Verve Everyday Electric Toothbrush,B027962327,Verve,3,Electric Toothbrush,42.46,79.66,2025-08-26,Active,41
197,Meadow UltraLight Coffee Beans 1kg,B073388426,Meadow,6,Coffee Beans 1kg,105.16,150.97,2023-09-24,Active,139
198,Pallet Signature Label Printer,B030491595,Pallet,11,Label Printer,33.08,61.79,2019-01-19,Active,109
199,Sundial Portable Kids Watch,B047358841,Sundial,22,Kids Watch,56.22,127.18,2021-09-14,Active,91
200,Verve Signature Chew Toy Pack,B047962717,Verve,10,Chew Toy Pack,110.27,245.23,2022-09-09,Active,82
201,Roverly Wireless Toiletry Bag,B085935097,Roverly,20,Toiletry Bag,77.73,178.89,2019-11-28,Active,41
202,Orin Signature Humidifier,B053513097,Orin,14,Humidifier,117.78,290.4,2024-06-19,Active,51
203,Meadow Smart Smart Watch,B026938661,Meadow,22,Smart Watch,157.77,357.94,2020-09-20,Active,94
204,Orin Premium Journal,B073135532,Orin,16,Journal,78.28,137.31,2024-01-31,Active,101
205,Verve Advanced Label Printer,B030978981,Verve,11,Label Printer,42.03,82.38,2022-12-02,Active,107
206,Kestrel Pro Sewing Kit,B043222265,Kestrel,25,Sewing Kit,17.66,36.22,2024-07-14,Active,108
207,Kestrel Wireless Travel Backpack,B037345255,Kestrel,20,Travel Backpack,154.93,387.32,2024-09-01,Active,57
208,Northline HeavyDuty Nursery Lamp,B085566275,Northline,13,Nursery Lamp,96.54,194.43,2019-01-07,Active,65
209,Trailhead Signature Building Blocks Set,B056705646,Trailhead,4,Building Blocks Set,117.66,254.65,2022-12-21,Active,126
210,Verve Premium BBQ Grill,B086113335,Verve,19,BBQ Grill,123.17,261.97,2021-07-18,Restricted,65
211,Halcyon Premium Power Bank,B012846274,Halcyon,1,Power Bank,175.08,293.12,2020-03-18,Restricted,4
212,Pallet EcoFriendly Analog Watch,B097764530,Pallet,22,Analog Watch,9.45,17.63,2022-06-11,Active,59
213,Trailhead Signature Slippers,B016299492,Trailhead,8,Slippers,162.41,250.01,2025-01-26,Active,134
214,Orin Compact Planner 2026,B072199283,Orin,16,Planner 2026,177.19,309.39,2025-10-14,Active,22
215,Basecamp Essential Digital Thermometer,B061117909,Basecamp,14,Digital Thermometer,88.11,179.63,2019-12-31,Active,87
216,Trailhead Wireless Bookshelf,B041981908,Trailhead,9,Bookshelf,149.52,336.54,2021-01-31,Active,21
217,Meadow EcoFriendly Slow Cooker,B070974359,Meadow,24,Slow Cooker,99.89,159.65,2024-06-05,Restricted,141
218,Alto EcoFriendly Electric Toothbrush,B067222357,Alto,3,Electric Toothbrush,74.71,193.69,2024-11-21,Active,19
219,Fjord Everyday Nappy Bag,B012975605,Fjord,13,Nappy Bag,10.94,21.56,2025-01-20,Active,64
220,Vireo Essential Gaming Chair,B034276628,Vireo,17,Gaming Chair,131.1,267.45,2025-04-12,Active,5
221,Orin UltraLight Building Blocks Set,B065415449,Orin,4,Building Blocks Set,158.37,401.13,2021-06-01,Restricted,52
222,Lumen Pro Tripod,B059566094,Lumen,23,Tripod,95.95,199.12,2025-09-20,Active,82
223,Roverly Wireless Coffee Maker,B043214626,Roverly,2,Coffee Maker,138.56,289.35,2019-12-31,Active,73
224,Verve Portable Automatic Feeder,B046355877,Verve,10,Automatic Feeder,116.67,205.12,2021-04-19,Active,69
225,Pallet Signature Smart Plug,B044761183,Pallet,1,Smart Plug,42.85,97.73,2022-02-11,Discontinued,67
226,Trailhead Classic Vacuum Cleaner,B099796264,Trailhead,2,Vacuum Cleaner,115.33,250.65,2022-05-12,Active,30
227,Roverly Advanced Garden Hose,B067421126,Roverly,19,Garden Hose,178.34,292.62,2019-04-23,Active,67
228,Basecamp Pro Smart Watch,B091272708,Basecamp,22,Smart Watch,134.32,211.07,2023-11-03,Active,127
229,Kestrel Pro Yoga Mat,B075065901,Kestrel,5,Yoga Mat,111.99,168.69,2021-03-12,Active,4
230,Fjord Wireless Kettle,B052161441,Fjord,24,Kettle,23.54,55.79,2024-07-08,Active,83
231,Sundial Deluxe Kettle,B066975081,Sundial,24,Kettle,123.99,190.39,2019-06-11,Active,102
232,Vireo Compact Kids Watch,B068558971,Vireo,22,Kids Watch,128.98,283.79,2024-05-04,Active,136
233,Meadow Deluxe Cotton T-Shirt,B053942324,Meadow,7,Cotton T-Shirt,87.85,146.82,2023-08-21,Active,147
234,Verve Wireless Chew Toy Pack,B049839283,Verve,10,Chew Toy Pack,130.68,318.9,2023-01-19,Active,114
235,Pallet HeavyDuty Journal,B013388445,Pallet,16,Journal,148.77,351.8,2021-11-11,Active,59
236,Pallet HeavyDuty Desk Organiser,B031847630,Pallet,11,Desk Organiser,159.23,380.33,2022-01-03,Active,93
237,Lumen Compact Stroller,B026406440,Lumen,13,Stroller,161.65,339.45,2023-12-05,Active,121
238,Milbrook HeavyDuty Rice Cooker,B013641771,Milbrook,24,Rice Cooker,149.5,232.61,2019-05-17,Active,82
239,Verve Portable BBQ Grill,B057423958,Verve,19,BBQ Grill,70.41,177.69,2025-09-14,Active,60
240,Trailhead Smart Sports Watch,B053531276,Trailhead,22,Sports Watch,28.48,48.56,2019-08-23,Active,24
241,Verve EcoFriendly Camera Bag,B059885716,Verve,23,Camera Bag,123.0,311.53,2023-10-03,Active,140
242,Verve Classic Paint Sprayer,B040999906,Verve,15,Paint Sprayer,67.37,171.67,2026-01-31,Active,146
243,Orin HeavyDuty Charm Bracelet,B099418468,Orin,21,Charm Bracelet,13.21,30.66,2025-03-07,Active,31
244,Orin Smart Sewing Kit,B074384099,Orin,25,Sewing Kit,157.08,357.61,2024-06-28,Active,137
245,Kestrel Compact Seat Cover Set,B060316725,Kestrel,12,Seat Cover Set,59.55,129.45,2020-06-23,Active,21
246,Kestrel EcoFriendly Shaver,B078126345,Kestrel,3,Shaver,121.37,289.83,2024-10-02,Active,47
247,Pallet Classic Jump Starter,B058730509,Pallet,12,Jump Starter,46.57,116.11,2024-06-28,Active,131
248,Milbrook HeavyDuty Action Camera,B062866880,Milbrook,23,Action Camera,158.47,229.78,2025-03-27,Active,16
249,Cinder UltraLight Cookbook,B042557230,Cinder,16,Cookbook,26.1,37.07,2023-09-19,Active,134
250,Northline Smart Slippers,B015813775,Northline,8,Slippers,134.07,223.62,2024-08-21,Active,117
251,Meadow Portable Winter Coat,B084144519,Meadow,7,Winter Coat,158.75,350.95,2025-01-16,Active,45
252,Fjord Pro BBQ Grill,B075829275,Fjord,19,BBQ Grill,15.56,26.05,2022-06-03,Active,124
253,Alto Classic Power Bank,B066832433,Alto,1,Power Bank,172.57,436.82,2024-01-22,Active,32
254,Orin Deluxe Power Bank,B024793752,Orin,1,Power Bank,40.08,91.01,2025-08-06,Active,45
255,Halcyon EcoFriendly Skincare Set,B042775006,Halcyon,3,Skincare Set,146.76,317.46,2021-10-03,Active,65
256,Lumen Signature Hair Dryer,B096850024,Lumen,3,Hair Dryer,55.13,108.27,2026-02-19,Active,26
257,Basecamp Compact Building Blocks Set,B049835189,Basecamp,4,Building Blocks Set,91.53,153.43,2025-04-14,Active,15
258,Pallet Classic Makeup Mirror,B077042893,Pallet,3,Makeup Mirror,17.42,30.13,2025-10-29,Active,141
259,Lumen Advanced Craft Storage Box,B061535568,Lumen,25,Craft Storage Box,82.42,136.08,2020-09-11,Restricted,77
260,Cinder EcoFriendly Denim Jeans,B011821367,Cinder,7,Denim Jeans,173.07,283.2,2024-03-05,Active,90
261,Milbrook HeavyDuty Microwave,B055447478,Milbrook,24,Microwave,84.78,212.23,2024-06-29,Active,134
262,Vireo HeavyDuty Calligraphy Set,B041397110,Vireo,25,Calligraphy Set,126.9,237.84,2025-11-02,Active,106
263,Roverly Pro Vacuum Cleaner,B021103831,Roverly,2,Vacuum Cleaner,44.84,87.43,2019-07-06,Active,93
264,Basecamp Smart Automatic Feeder,B073594452,Basecamp,10,Automatic Feeder,5.59,10.22,2025-01-27,Active,104
265,Fjord Everyday Hiking Boots,B062141506,Fjord,8,Hiking Boots,146.26,249.31,2019-12-15,Active,10
266,Vireo Smart Slow Cooker,B054855106,Vireo,24,Slow Cooker,178.81,259.97,2019-11-23,Active,117
267,Verve Wireless Puzzle Book,B014300915,Verve,16,Puzzle Book,82.21,142.28,2019-10-01,Active,91
268,Northline Pro Tool Set,B034147347,Northline,15,Tool Set,46.31,75.48,2024-03-15,Active,10
269,Orin EcoFriendly First Aid Kit,B015277420,Orin,14,First Aid Kit,10.85,15.66,2022-11-25,Active,68
270,Kestrel EcoFriendly Microphone Kit,B049944891,Kestrel,18,Microphone Kit,61.44,147.92,2022-02-06,Active,71
271,Basecamp UltraLight Hiking Boots,B069646035,Basecamp,8,Hiking Boots,77.82,181.82,2021-05-23,Active,116
272,Fjord Portable Patio Heater,B016698541,Fjord,19,Patio Heater,36.76,66.09,2020-09-06,Active,68
273,Kestrel Signature Tripod,B080399934,Kestrel,23,Tripod,93.22,176.31,2019-02-09,Active,24
274,Kestrel Pro Camping Tent,B037148868,Kestrel,5,Camping Tent,94.76,185.35,2019-10-06,Active,62
275,Lumen Smart Cordless Drill,B079056102,Lumen,15,Cordless Drill,13.62,34.97,2025-09-04,Active,61
276,Roverly Wireless Sneakers,B077154339,Roverly,8,Sneakers,37.64,66.7,2023-03-15,Active,141
277,Basecamp Compact Board Game,B011531064,Basecamp,4,Board Game,129.42,308.04,2019-07-25,Active,123
278,Sundial Everyday Automatic Feeder,B030462320,Sundial,10,Automatic Feeder,136.75,255.97,2024-06-14,Active,31
279,Vireo Classic Analog Watch,B066339157,Vireo,22,Analog Watch,141.39,296.99,2019-01-10,Active,68
280,Basecamp Signature Slow Cooker,B078028978,Basecamp,24,Slow Cooker,22.04,44.45,2023-10-19,Active,127
281,Roverly UltraLight Denim Jeans,B040474646,Roverly,7,Denim Jeans,129.72,253.48,2021-10-03,Active,126
282,Vireo Premium Smart Watch,B048208851,Vireo,22,Smart Watch,146.04,238.67,2022-03-10,Restricted,3
283,Verve Signature Acoustic Guitar,B087566143,Verve,18,Acoustic Guitar,131.96,273.75,2025-02-08,Active,15
284,Wrenfield Pro Neck Pillow,B079996621,Wrenfield,20,Neck Pillow,6.83,15.97,2025-12-10,Active,14
285,Alto Portable Toaster,B075198968,Alto,24,Toaster,102.38,204.89,2021-06-20,Active,83
286,Basecamp Premium Toiletry Bag,B090545599,Basecamp,20,Toiletry Bag,130.45,317.67,2020-06-08,Active,147
287,Milbrook EcoFriendly Resistance Bands,B010125355,Milbrook,5,Resistance Bands,156.29,248.3,2020-03-27,Active,120
288,Basecamp Wireless Webcam,B049711170,Basecamp,1,Webcam,16.48,29.26,2020-01-10,Active,83
289,Sundial Compact LED Work Light,B037413629,Sundial,15,LED Work Light,32.66,53.05,2021-11-01,Active,133
290,Verve HeavyDuty Gaming Chair,B060486340,Verve,17,Gaming Chair,168.56,323.07,2024-05-01,Active,59
291,Wrenfield Advanced Action Camera,B051279354,Wrenfield,23,Action Camera,80.17,178.18,2025-02-22,Active,47
292,Halcyon Premium Nursery Lamp,B059358349,Halcyon,13,Nursery Lamp,142.14,324.11,2019-08-03,Active,128
293,Wrenfield UltraLight Massage Gun,B031485785,Wrenfield,14,Massage Gun,169.66,423.76,2022-11-16,Active,17
294,Basecamp Deluxe Standing Desk,B080775208,Basecamp,9,Standing Desk,176.3,364.34,2023-01-31,Active,71
295,Trailhead Wireless High Chair,B036678907,Trailhead,13,High Chair,94.96,217.29,2023-03-18,Active,22
296,Meadow EcoFriendly Hiking Boots,B078894682,Meadow,8,Hiking Boots,34.29,86.09,2024-08-29,Active,148
297,Kestrel Wireless Planter Box Set,B013835598,Kestrel,19,Planter Box Set,118.14,203.31,2022-03-03,Active,73
298,Orin Deluxe Paint Set,B086586435,Orin,25,Paint Set,96.53,164.05,2025-04-24,Discontinued,10
299,Sundial Signature Sketchbook,B092630636,Sundial,16,Sketchbook,5.18,12.05,2020-09-01,Active,113
300,Meadow Pro Smart Plug,B017446153,Meadow,1,Smart Plug,48.55,94.2,2024-04-04,Active,46
301,Sundial Deluxe Standing Desk,B072468785,Sundial,9,Standing Desk,121.04,241.8,2023-12-24,Active,85
302,Roverly HeavyDuty Carry-On Suitcase,B013800986,Roverly,20,Carry-On Suitcase,49.53,95.16,2019-03-14,Active,92
303,Orin EcoFriendly Controller,B060553200,Orin,17,Controller,46.6,105.17,2024-09-17,Active,111
304,Northline Signature Neck Pillow,B031123873,Northline,20,Neck Pillow,41.74,72.0,2021-08-01,Active,61
305,Northline Wireless Noise-Cancelling Headphones,B098196598,Northline,1,Noise-Cancelling Headphones,122.43,183.32,2022-08-20,Active,38
306,Halcyon Pro Puzzle Book,B024418934,Halcyon,16,Puzzle Book,142.47,267.41,2021-05-19,Active,8
307,Trailhead Advanced Phone Mount,B090975216,Trailhead,12,Phone Mount,79.24,130.54,2019-10-22,Active,97
308,Wrenfield Smart Plush Toy,B065638138,Wrenfield,4,Plush Toy,142.58,277.35,2020-03-20,Active,114
309,Basecamp EcoFriendly Digital Thermometer,B057816341,Basecamp,14,Digital Thermometer,141.98,270.23,2019-03-04,Active,4
310,Alto EcoFriendly Tea Sampler,B059359781,Alto,6,Tea Sampler,40.97,71.17,2021-08-31,Active,129
311,Basecamp Portable Nappy Bag,B038735942,Basecamp,13,Nappy Bag,142.43,360.5,2019-08-30,Active,47
312,Kestrel Wireless Drum Pad,B034938778,Kestrel,18,Drum Pad,145.83,205.56,2024-12-27,Active,23
313,Halcyon Essential Dog Bed,B040995053,Halcyon,10,Dog Bed,58.17,145.22,2023-04-21,Active,106
314,Sundial Everyday Stroller,B075029125,Sundial,13,Stroller,158.23,241.0,2019-05-17,Active,35
315,Basecamp Deluxe Garden Hose,B045502493,Basecamp,19,Garden Hose,123.14,296.21,2025-11-23,Active,29
316,Halcyon Everyday Ring Set,B048802832,Halcyon,21,Ring Set,131.06,244.0,2023-07-06,Active,85
317,Lumen Essential Board Game,B016356381,Lumen,4,Board Game,142.94,251.02,2021-01-27,Active,122
318,Alto Signature Analog Watch,B055874854,Alto,22,Analog Watch,24.84,41.09,2025-03-03,Active,127
319,Roverly Deluxe Phone Mount,B046446344,Roverly,12,Phone Mount,135.89,283.51,2025-08-07,Active,19
320,Fjord Classic Bookshelf,B074648545,Fjord,9,Bookshelf,127.58,204.9,2021-08-03,Active,129
321,Sundial Portable Camping Tent,B016852902,Sundial,5,Camping Tent,170.34,380.87,2019-09-02,Active,26
322,Halcyon Everyday Bluetooth Speaker,B043522480,Halcyon,1,Bluetooth Speaker,72.97,180.59,2021-10-27,Discontinued,62
323,Kestrel EcoFriendly Paint Set,B024054779,Kestrel,25,Paint Set,102.68,221.18,2025-09-29,Active,54
324,Northline Smart Planner 2026,B080199794,Northline,16,Planner 2026,85.85,210.25,2025-10-08,Active,118
325,Pallet Everyday Cordless Drill,B076977550,Pallet,15,Cordless Drill,93.86,223.83,2020-03-04,Active,30
326,Wrenfield UltraLight Controller,B055140485,Wrenfield,17,Controller,162.71,267.52,2026-01-25,Active,104
327,Verve Signature Puzzle 1000pc,B097908341,Verve,4,Puzzle 1000pc,17.04,31.53,2026-02-17,Active,123
328,Kestrel Portable Electric Toothbrush,B072959655,Kestrel,3,Electric Toothbrush,42.74,77.81,2024-01-30,Active,62
329,Milbrook EcoFriendly Notebook Pack,B033340093,Milbrook,11,Notebook Pack,119.58,269.12,2021-06-16,Active,137
330,Vireo Signature Tape Measure,B080931591,Vireo,15,Tape Measure,140.01,288.16,2024-05-09,Active,58
331,Meadow Portable Glue Gun Kit,B094792530,Meadow,25,Glue Gun Kit,123.24,284.71,2025-12-07,Active,29
332,Orin Everyday High Chair,B045351951,Orin,13,High Chair,65.07,121.61,2025-09-14,Active,131
333,Alto Classic Ring Set,B047457340,Alto,21,Ring Set,154.05,315.8,2023-09-02,Active,54
334,Fjord Smart 4K Monitor,B040320939,Fjord,1,4K Monitor,109.56,266.65,2020-10-11,Active,80
335,Vireo Classic Coffee Beans 1kg,B024004881,Vireo,6,Coffee Beans 1kg,27.52,53.19,2021-03-01,Discontinued,113
336,Kestrel Signature Building Blocks Set,B093802796,Kestrel,4,Building Blocks Set,169.28,366.26,2022-02-26,Active,149
337,Halcyon Advanced Blender,B034562662,Halcyon,2,Blender,119.23,284.78,2023-05-29,Active,132
338,Basecamp Classic Planter Box Set,B051130558,Basecamp,19,Planter Box Set,135.62,214.38,2020-01-27,Active,125
339,Roverly Wireless Label Printer,B020833583,Roverly,11,Label Printer,102.09,147.7,2020-11-20,Active,56
340,Fjord UltraLight Bookshelf,B065472357,Fjord,9,Bookshelf,133.58,256.97,2019-03-18,Active,8
341,Lumen Premium BBQ Grill,B096320218,Lumen,19,BBQ Grill,20.71,53.82,2019-10-26,Active,109
342,Roverly Wireless Kettle,B081772618,Roverly,24,Kettle,57.51,102.47,2021-10-08,Active,48
343,Lumen Wireless Plush Toy,B043019807,Lumen,4,Plush Toy,7.02,17.55,2021-09-18,Active,99
344,Trailhead Essential Olive Oil,B038905854,Trailhead,6,Olive Oil,72.74,107.89,2023-04-14,Active,74
345,Sundial EcoFriendly Paint Sprayer,B044671806,Sundial,15,Paint Sprayer,109.05,274.13,2023-07-04,Active,51
346,Wrenfield HeavyDuty Nappy Bag,B027196045,Wrenfield,13,Nappy Bag,118.31,279.84,2024-04-28,Active,139
347,Wrenfield Compact Microphone Kit,B011543812,Wrenfield,18,Microphone Kit,23.37,58.66,2021-07-28,Active,59
348,Trailhead Smart Silver Necklace,B081582311,Trailhead,21,Silver Necklace,101.63,233.48,2025-02-18,Active,93
349,Wrenfield Pro Dash Cam,B079058766,Wrenfield,12,Dash Cam,141.12,300.82,2021-12-02,Active,118
350,Lumen Advanced Puzzle 1000pc,B038413964,Lumen,4,Puzzle 1000pc,98.32,195.28,2022-01-22,Active,37
351,Vireo Deluxe Air Purifier,B011429290,Vireo,14,Air Purifier,166.15,348.89,2024-05-13,Active,8
352,Verve UltraLight Microphone Kit,B023657005,Verve,18,Microphone Kit,110.81,272.28,2022-03-13,Active,7
353,Roverly EcoFriendly Dive Watch,B051159935,Roverly,22,Dive Watch,124.29,230.0,2024-11-05,Active,37
354,Roverly Premium Tool Set,B025624798,Roverly,15,Tool Set,110.13,235.99,2022-05-15,Active,110
355,Meadow HeavyDuty Calligraphy Set,B098592877,Meadow,25,Calligraphy Set,80.63,151.19,2021-07-13,Active,71
356,Vireo Classic Sneakers,B062919199,Vireo,8,Sneakers,87.59,128.43,2021-06-24,Active,84
357,Fjord Essential Ring Light,B083199975,Fjord,23,Ring Light,24.14,34.05,2024-04-26,Active,136
358,Trailhead Advanced Ring Set,B010278495,Trailhead,21,Ring Set,49.14,89.75,2020-09-28,Restricted,26
359,Wrenfield Pro Vacuum Cleaner,B092358282,Wrenfield,2,Vacuum Cleaner,64.31,156.76,2019-01-31,Active,96
360,Trailhead Deluxe Rice Cooker,B087281083,Trailhead,24,Rice Cooker,92.97,146.23,2024-05-17,Active,145
361,Trailhead Everyday Baby Monitor,B096155489,Trailhead,13,Baby Monitor,148.74,218.41,2025-02-09,Active,141
362,Cinder Compact Air Fryer,B068890190,Cinder,2,Air Fryer,140.76,342.7,2022-07-18,Active,13
363,Fjord Smart Building Blocks Set,B019093964,Fjord,4,Building Blocks Set,69.38,113.38,2022-01-10,Active,76
364,Meadow Deluxe Resistance Bands,B057376166,Meadow,5,Resistance Bands,24.59,58.02,2023-01-02,Active,89
365,Verve Portable Jump Starter,B082217592,Verve,12,Jump Starter,147.94,297.68,2023-06-01,Active,14
366,Meadow HeavyDuty Camera Bag,B038576958,Meadow,23,Camera Bag,168.09,384.91,2025-12-08,Active,53
367,Kestrel HeavyDuty First Aid Kit,B053383391,Kestrel,14,First Aid Kit,36.18,86.5,2020-02-10,Discontinued,72
368,Pallet Deluxe Paint Set,B056015290,Pallet,25,Paint Set,48.49,122.52,2023-11-27,Active,69
369,Orin Smart Notebook Pack,B066896917,Orin,11,Notebook Pack,48.47,98.11,2023-06-08,Active,45
370,Verve Compact Keyboard 61-Key,B076014115,Verve,18,Keyboard 61-Key,114.41,263.18,2024-05-27,Active,143
371,Fjord Premium Patio Heater,B096075143,Fjord,19,Patio Heater,166.05,240.45,2019-11-24,Discontinued,111
372,Meadow Portable Water Bottle,B089522817,Meadow,5,Water Bottle,5.13,11.94,2023-09-21,Active,145
373,Pallet Compact Plush Toy,B065376477,Pallet,4,Plush Toy,149.65,240.17,2024-06-27,Active,55
374,Roverly UltraLight Building Blocks Set,B091574358,Roverly,4,Building Blocks Set,164.27,330.48,2025-12-01,Active,57
375,Roverly Smart Resistance Bands,B090438536,Roverly,5,Resistance Bands,32.28,46.16,2022-01-26,Active,140
376,Pallet Portable Paint Set,B084071229,Pallet,25,Paint Set,165.03,268.5,2023-08-18,Active,107
377,Milbrook Advanced Blender,B088096799,Milbrook,2,Blender,104.05,227.02,2023-02-13,Active,85
378,Basecamp Deluxe Keyboard 61-Key,B016662064,Basecamp,18,Keyboard 61-Key,135.9,260.57,2023-10-02,Active,139
379,Vireo Essential Microwave,B025214586,Vireo,24,Microwave,121.54,306.26,2020-10-29,Active,147
380,Vireo HeavyDuty Vacuum Cleaner,B011572138,Vireo,2,Vacuum Cleaner,113.05,239.62,2025-02-02,Active,13
381,Verve Classic Nursery Lamp,B066825938,Verve,13,Nursery Lamp,128.3,275.49,2023-02-26,Active,99
382,Northline HeavyDuty Charm Bracelet,B079130699,Northline,21,Charm Bracelet,19.66,50.92,2025-10-30,Active,114
383,Cinder Deluxe Automatic Feeder,B016282827,Cinder,10,Automatic Feeder,33.02,55.74,2019-07-03,Active,119
384,Vireo Smart Chew Toy Pack,B015055769,Vireo,10,Chew Toy Pack,37.33,52.49,2022-01-01,Active,104
385,Kestrel Wireless Tripod,B022696688,Kestrel,23,Tripod,55.79,85.79,2025-11-16,Active,105
386,Roverly HeavyDuty Dive Watch,B022563926,Roverly,22,Dive Watch,74.82,184.17,2019-05-20,Active,112
387,Vireo Deluxe Garden Hose,B093260243,Vireo,19,Garden Hose,36.5,66.08,2021-09-11,Active,116
388,Pallet Signature Hiking Backpack,B074940921,Pallet,5,Hiking Backpack,108.91,209.17,2021-09-10,Active,113
389,Roverly HeavyDuty Knife Set,B046425691,Roverly,2,Knife Set,6.67,13.99,2020-10-22,Active,104
390,Wrenfield UltraLight Skincare Set,B026912586,Wrenfield,3,Skincare Set,102.66,259.85,2025-12-25,Active,5
391,Basecamp Portable Travel Backpack,B098897082,Basecamp,20,Travel Backpack,24.89,64.13,2020-08-07,Active,104
392,Milbrook Wireless Winter Coat,B045400396,Milbrook,7,Winter Coat,97.68,148.86,2023-06-14,Active,125
393,Orin Classic Snack Box,B026186862,Orin,6,Snack Box,9.59,22.43,2023-09-16,Active,31
394,Cinder Smart Snack Box,B096845550,Cinder,6,Snack Box,96.15,159.79,2023-06-25,Active,149
395,Lumen Deluxe Dog Bed,B077342864,Lumen,10,Dog Bed,161.68,380.39,2023-12-14,Active,141
396,Verve Deluxe Microwave,B020688877,Verve,24,Microwave,67.07,167.37,2019-06-12,Active,72
397,Halcyon Signature Rice Cooker,B070422713,Halcyon,24,Rice Cooker,84.81,149.6,2021-12-19,Active,26
398,Lumen Classic Label Printer,B094223363,Lumen,11,Label Printer,32.37,70.82,2025-01-02,Active,14
399,Cinder Everyday Capture Card,B035061794,Cinder,17,Capture Card,24.48,52.27,2021-09-30,Active,147
400,Kestrel Pro Planter Box Set,B040717847,Kestrel,19,Planter Box Set,74.96,179.93,2024-03-10,Active,145
401,Northline Compact Laptop Stand,B018202637,Northline,11,Laptop Stand,82.16,188.97,2022-02-25,Active,68
402,Sundial HeavyDuty Skincare Set,B088495583,Sundial,3,Skincare Set,11.38,21.66,2022-07-31,Active,31
403,Fjord Deluxe Water Bottle,B012362854,Fjord,5,Water Bottle,92.43,210.54,2025-02-26,Active,8
404,Meadow Wireless Kids Watch,B019989349,Meadow,22,Kids Watch,115.83,249.7,2023-01-21,Active,117
405,Vireo Everyday Capture Card,B044613597,Vireo,17,Capture Card,149.11,234.96,2020-03-28,Active,122
406,Cinder Advanced Storage Ottoman,B011985681,Cinder,9,Storage Ottoman,70.71,176.64,2019-10-15,Active,122
407,Trailhead Essential Air Purifier,B078668521,Trailhead,14,Air Purifier,104.86,187.73,2020-03-22,Active,145
408,Alto Signature Power Bank,B073750869,Alto,1,Power Bank,45.17,74.67,2025-09-29,Active,35
409,Sundial Pro Controller,B051999675,Sundial,17,Controller,113.0,219.82,2023-03-19,Active,14
410,Verve Compact Baby Monitor,B062052092,Verve,13,Baby Monitor,57.59,94.32,2020-12-14,Active,47
411,Vireo Everyday Sneakers,B033547369,Vireo,8,Sneakers,34.08,64.81,2023-05-29,Active,58
412,Pallet Smart Running Shoes,B074694370,Pallet,8,Running Shoes,32.09,57.85,2023-12-07,Active,85
413,Halcyon Deluxe Sketchbook,B096817611,Halcyon,16,Sketchbook,57.61,98.94,2023-05-19,Active,54
414,Sundial EcoFriendly Phone Mount,B063289146,Sundial,12,Phone Mount,105.02,196.54,2021-10-09,Active,6
415,Milbrook HeavyDuty Carry-On Suitcase,B097457467,Milbrook,20,Carry-On Suitcase,57.93,83.9,2019-03-17,Active,130
416,Roverly EcoFriendly Standing Desk,B066620918,Roverly,9,Standing Desk,51.78,128.68,2024-03-17,Active,124
417,Milbrook Portable Digital Thermometer,B050322851,Milbrook,14,Digital Thermometer,145.79,243.35,2020-01-11,Active,69
418,Roverly Pro Tripod,B093744525,Roverly,23,Tripod,157.24,235.9,2025-09-13,Active,124
419,Kestrel Essential Microphone Kit,B031978898,Kestrel,18,Microphone Kit,89.25,199.26,2022-12-30,Active,21
420,Lumen EcoFriendly Toiletry Bag,B074617617,Lumen,20,Toiletry Bag,64.99,122.78,2019-08-12,Active,100
421,Vireo Wireless Dive Watch,B014585315,Vireo,22,Dive Watch,38.04,82.54,2025-03-18,Active,111
422,Meadow Smart Digital Thermometer,B049816526,Meadow,14,Digital Thermometer,23.56,51.31,2025-04-05,Active,9
423,Wrenfield Compact Bed Frame,B074513977,Wrenfield,9,Bed Frame,11.97,26.19,2019-10-05,Active,44
424,Trailhead Portable Dash Cam,B046635794,Trailhead,12,Dash Cam,82.24,164.94,2020-08-02,Active,128
425,Vireo Smart Skincare Set,B086384571,Vireo,3,Skincare Set,80.45,155.73,2025-02-19,Active,96
426,Milbrook Signature Activewear Set,B050553798,Milbrook,7,Activewear Set,53.09,82.56,2019-12-07,Active,50
427,Verve Signature Coffee Maker,B075985129,Verve,2,Coffee Maker,160.62,416.06,2019-11-17,Active,106
428,Milbrook HeavyDuty Sneakers,B053293890,Milbrook,8,Sneakers,176.33,389.44,2025-12-15,Active,27
429,Vireo Deluxe Cordless Drill,B023317715,Vireo,15,Cordless Drill,138.79,195.21,2024-09-08,Active,25
430,Trailhead Classic Microphone Kit,B014639022,Trailhead,18,Microphone Kit,45.07,96.92,2022-10-16,Active,22
431,Wrenfield Pro Acoustic Guitar,B051997785,Wrenfield,18,Acoustic Guitar,11.92,27.19,2025-01-18,Active,12
432,Orin HeavyDuty Air Fryer,B069972646,Orin,2,Air Fryer,113.6,269.02,2023-09-08,Active,65
433,Alto HeavyDuty Laptop Stand,B092320668,Alto,11,Laptop Stand,34.74,60.97,2023-08-22,Active,101
434,Meadow Pro Nursery Lamp,B040760593,Meadow,13,Nursery Lamp,92.05,136.54,2024-03-07,Active,128
435,Lumen HeavyDuty Sewing Kit,B025116926,Lumen,25,Sewing Kit,129.79,227.4,2025-03-03,Active,100
436,Halcyon Premium Carry-On Suitcase,B025614614,Halcyon,20,Carry-On Suitcase,123.62,313.39,2019-07-14,Active,123
437,Alto Essential Skincare Set,B058189133,Alto,3,Skincare Set,61.34,95.28,2024-07-07,Active,144
438,Pallet Portable Yoga Mat,B087327760,Pallet,5,Yoga Mat,26.42,40.99,2023-04-29,Active,44
439,Halcyon Essential Journal,B085303117,Halcyon,16,Journal,161.39,350.84,2024-03-29,Active,97
440,Kestrel Signature Makeup Mirror,B048866902,Kestrel,3,Makeup Mirror,66.76,113.85,2025-02-15,Active,141
441,Kestrel Pro Phone Mount,B085689368,Kestrel,12,Phone Mount,162.19,334.72,2023-03-15,Active,69
442,Fjord EcoFriendly Tape Measure,B089622751,Fjord,15,Tape Measure,20.71,36.82,2024-02-22,Active,54
443,Sundial Portable Laptop Stand,B042329598,Sundial,11,Laptop Stand,179.22,376.23,2025-02-18,Active,111
444,Vireo Premium Coffee Beans 1kg,B040725231,Vireo,6,Coffee Beans 1kg,122.36,271.47,2024-09-07,Active,131
445,Basecamp Wireless Coffee Maker,B038963091,Basecamp,2,Coffee Maker,105.81,236.18,2023-07-03,Active,4
446,Lumen Deluxe Charm Bracelet,B085156920,Lumen,21,Charm Bracelet,20.28,47.38,2024-04-16,Active,52
447,Milbrook Portable Sketchbook,B071394671,Milbrook,16,Sketchbook,38.54,59.76,2021-05-07,Active,43
448,Orin HeavyDuty Jump Starter,B038875186,Orin,12,Jump Starter,19.14,28.11,2023-04-24,Active,11
449,Milbrook Classic Travel Backpack,B019929645,Milbrook,20,Travel Backpack,11.32,22.61,2023-01-11,Active,113
450,Northline HeavyDuty Sewing Kit,B059270645,Northline,25,Sewing Kit,175.96,361.37,2024-09-30,Active,7
451,Alto Everyday Sandals,B073872938,Alto,8,Sandals,37.43,83.92,2024-03-16,Discontinued,46
452,Sundial UltraLight Makeup Mirror,B090969656,Sundial,3,Makeup Mirror,14.01,32.5,2019-04-28,Restricted,4
453,Meadow Premium First Aid Kit,B092556904,Meadow,14,First Aid Kit,83.94,159.04,2023-01-01,Active,23
454,Milbrook HeavyDuty Tool Set,B071086560,Milbrook,15,Tool Set,174.6,323.6,2021-12-13,Active,78
455,Verve Advanced Charm Bracelet,B072648941,Verve,21,Charm Bracelet,22.72,34.92,2025-12-22,Active,102
456,Roverly EcoFriendly Desk Organiser,B086807487,Roverly,11,Desk Organiser,112.49,219.24,2020-05-20,Active,7
457,Verve Compact Acoustic Guitar,B092620796,Verve,18,Acoustic Guitar,30.65,60.47,2020-01-26,Active,52
458,Cinder Premium Acoustic Guitar,B055949429,Cinder,18,Acoustic Guitar,72.95,116.37,2021-07-01,Active,1
459,Kestrel Smart Stroller,B048778801,Kestrel,13,Stroller,24.5,41.78,2025-05-28,Active,43
460,Wrenfield Advanced RC Car,B018288515,Wrenfield,4,RC Car,34.29,84.17,2020-07-12,Active,39
461,Orin Everyday Hiking Boots,B031874795,Orin,8,Hiking Boots,149.81,224.15,2021-12-25,Discontinued,36
462,Meadow Classic Travel Backpack,B019407062,Meadow,20,Travel Backpack,123.41,220.62,2024-02-25,Active,134
463,Basecamp UltraLight Camera Bag,B078722424,Basecamp,23,Camera Bag,78.39,203.4,2023-04-15,Active,12
464,Orin Everyday Water Bottle,B028866922,Orin,5,Water Bottle,157.8,223.36,2023-04-14,Active,15
465,Meadow Pro Cat Tree,B017660678,Meadow,10,Cat Tree,71.05,104.12,2025-04-25,Discontinued,108
466,Milbrook Signature BBQ Grill,B025234145,Milbrook,19,BBQ Grill,149.44,314.66,2021-05-30,Active,22
467,Lumen HeavyDuty Analog Watch,B097814287,Lumen,22,Analog Watch,86.04,166.44,2023-05-10,Active,119
468,Halcyon Smart Cordless Drill,B068807849,Halcyon,15,Cordless Drill,148.25,354.29,2025-02-22,Active,74
469,Roverly Everyday Olive Oil,B073539547,Roverly,6,Olive Oil,114.06,161.37,2022-11-11,Active,35
470,Lumen Signature Notebook Pack,B098562183,Lumen,11,Notebook Pack,94.06,186.23,2021-06-22,Active,84
471,Kestrel Wireless Slow Cooker,B023028847,Kestrel,24,Slow Cooker,16.52,34.5,2022-09-18,Active,78
472,Meadow Essential Paint Sprayer,B053036055,Meadow,15,Paint Sprayer,21.25,30.87,2023-12-19,Active,1
473,Sundial EcoFriendly Desk Organiser,B068570763,Sundial,11,Desk Organiser,152.22,267.29,2019-11-02,Restricted,112
474,Milbrook Pro Paint Set,B040663820,Milbrook,25,Paint Set,125.57,285.61,2023-04-03,Active,28
475,Roverly EcoFriendly Denim Jeans,B099473837,Roverly,7,Denim Jeans,76.81,167.72,2025-12-03,Restricted,67
476,Lumen UltraLight Analog Watch,B088056716,Lumen,22,Analog Watch,132.24,235.18,2025-10-12,Active,148
477,Wrenfield Signature Travel Backpack,B079510974,Wrenfield,20,Travel Backpack,123.25,253.44,2019-06-24,Active,114
478,Milbrook Everyday Dog Bed,B087836661,Milbrook,10,Dog Bed,152.5,272.96,2026-01-29,Active,51
479,Wrenfield Everyday High Chair,B078117178,Wrenfield,13,High Chair,146.64,253.27,2024-06-02,Active,28
480,Verve Pro RC Car,B051096674,Verve,4,RC Car,172.47,425.68,2019-05-07,Active,38
481,Sundial Advanced Ring Set,B044401837,Sundial,21,Ring Set,115.37,267.97,2020-11-15,Active,85
482,Orin UltraLight Stud Earrings,B062096342,Orin,21,Stud Earrings,40.66,74.27,2019-03-05,Active,96
483,Wrenfield EcoFriendly Jump Starter,B058593510,Wrenfield,12,Jump Starter,105.3,167.82,2019-11-09,Active,45
484,Roverly Compact Puzzle 1000pc,B061819951,Roverly,4,Puzzle 1000pc,8.44,15.41,2021-12-09,Active,134
485,Halcyon Smart RC Car,B080256751,Halcyon,4,RC Car,76.58,125.2,2019-10-23,Active,87
486,Verve Essential Kids Watch,B037764209,Verve,22,Kids Watch,126.15,204.27,2019-02-27,Active,75
487,Lumen Portable Microwave,B025446786,Lumen,24,Microwave,20.07,35.77,2022-04-06,Active,99
488,Wrenfield UltraLight Baby Monitor,B025516706,Wrenfield,13,Baby Monitor,129.74,237.94,2025-07-19,Active,126
489,Sundial Compact Olive Oil,B086864536,Sundial,6,Olive Oil,109.06,258.71,2020-12-23,Active,73
490,Northline Classic Office Chair,B051801105,Northline,9,Office Chair,51.31,84.06,2023-01-02,Active,125
491,Lumen Deluxe Microphone Kit,B028561310,Lumen,18,Microphone Kit,112.31,168.23,2026-02-11,Active,30
492,Wrenfield Pro Car Vacuum,B057628766,Wrenfield,12,Car Vacuum,53.86,101.28,2022-09-14,Active,9
493,Alto Smart Sketchbook,B057980339,Alto,16,Sketchbook,50.82,91.44,2024-03-27,Active,5
494,Wrenfield Signature Winter Coat,B083735788,Wrenfield,7,Winter Coat,159.92,380.5,2021-07-26,Active,95
495,Kestrel UltraLight Running Jacket,B064244317,Kestrel,7,Running Jacket,12.66,21.23,2020-06-04,Active,99
496,Trailhead Portable Nappy Bag,B097258185,Trailhead,13,Nappy Bag,155.2,310.41,2020-07-02,Discontinued,73
497,Vireo Everyday Bed Frame,B043548071,Vireo,9,Bed Frame,123.76,311.63,2023-06-27,Active,85
498,Basecamp Advanced Jump Starter,B089694571,Basecamp,12,Jump Starter,138.79,309.5,2021-02-26,Active,130
499,Meadow Portable Carry-On Suitcase,B091952330,Meadow,20,Carry-On Suitcase,115.24,261.75,2020-08-16,Active,69
500,Roverly Deluxe RC Car,B069304974,Roverly,4,RC Car,166.19,394.62,2025-06-29,Active,35
501,Lumen Wireless Yoga Mat,B084834030,Lumen,5,Yoga Mat,116.92,167.28,2025-06-10,Active,72
502,Sundial HeavyDuty Protein Powder,B074201676,Sundial,6,Protein Powder,146.35,358.64,2025-01-29,Active,10
503,Lumen Pro Desk Organiser,B077259517,Lumen,11,Desk Organiser,125.5,318.02,2025-05-21,Active,81
504,Vireo Classic Charm Bracelet,B062828237,Vireo,21,Charm Bracelet,15.21,24.53,2022-04-27,Active,21
505,Sundial UltraLight Craft Storage Box,B085337600,Sundial,25,Craft Storage Box,59.07,143.55,2023-07-03,Active,56
506,Kestrel Wireless Planner 2026,B038886746,Kestrel,16,Planner 2026,33.72,49.38,2025-05-19,Active,87
507,Milbrook EcoFriendly Garden Hose,B075833124,Milbrook,19,Garden Hose,123.09,266.28,2023-02-16,Active,127
508,Sundial Wireless Paint Set,B060042301,Sundial,25,Paint Set,149.85,358.96,2020-01-07,Active,14
509,Verve Portable Chew Toy Pack,B016562865,Verve,10,Chew Toy Pack,57.55,90.19,2024-02-17,Active,79
510,Wrenfield Signature Phone Mount,B029878589,Wrenfield,12,Phone Mount,115.12,198.54,2020-01-22,Discontinued,105
511,Fjord UltraLight Dash Cam,B065866096,Fjord,12,Dash Cam,73.19,114.7,2024-03-22,Active,34
512,Vireo Advanced Shaver,B067430565,Vireo,3,Shaver,33.47,65.44,2021-07-09,Active,91
513,Basecamp Premium Dash Cam,B078471380,Basecamp,12,Dash Cam,120.71,255.23,2019-12-06,Active,22
514,Sundial Essential High Chair,B098169744,Sundial,13,High Chair,154.17,340.45,2021-07-27,Active,130
515,Meadow Essential Notebook Pack,B018175576,Meadow,11,Notebook Pack,60.47,127.91,2021-09-25,Active,148
516,Basecamp Smart First Aid Kit,B010975112,Basecamp,14,First Aid Kit,39.95,76.0,2024-02-01,Active,86
517,Lumen Everyday Tripod,B066226686,Lumen,23,Tripod,132.98,325.99,2025-07-02,Active,132
518,Wrenfield Portable Digital Thermometer,B077643497,Wrenfield,14,Digital Thermometer,16.85,38.63,2025-01-17,Active,70
519,Wrenfield Everyday Protein Powder,B090162231,Wrenfield,6,Protein Powder,37.42,54.14,2024-08-22,Active,113
520,Meadow EcoFriendly Paint Sprayer,B075875125,Meadow,15,Paint Sprayer,147.45,361.69,2021-07-07,Active,98
521,Kestrel Pro Protein Powder,B015369337,Kestrel,6,Protein Powder,146.22,260.98,2022-08-12,Active,49
522,Milbrook Compact Puzzle 1000pc,B039988602,Milbrook,4,Puzzle 1000pc,51.01,104.14,2026-01-12,Active,42
523,Lumen UltraLight Sports Watch,B069686581,Lumen,22,Sports Watch,63.37,151.65,2021-04-19,Active,24
524,Kestrel Deluxe First Aid Kit,B090143858,Kestrel,14,First Aid Kit,67.94,130.88,2020-04-03,Active,98
525,Sundial Signature Dog Bed,B043935757,Sundial,10,Dog Bed,128.77,333.84,2022-08-10,Active,110
526,Cinder UltraLight Puzzle Book,B099774932,Cinder,16,Puzzle Book,7.65,17.69,2021-03-30,Active,65
527,Sundial Premium Ring Light,B060596687,Sundial,23,Ring Light,33.71,81.74,2023-08-31,Active,100
528,Verve EcoFriendly Keyboard 61-Key,B043150798,Verve,18,Keyboard 61-Key,148.25,365.56,2024-11-25,Active,78
529,Trailhead Compact RC Car,B098988447,Trailhead,4,RC Car,38.19,73.96,2024-02-05,Active,129
530,Lumen Classic Label Printer,B067203222,Lumen,11,Label Printer,143.59,239.02,2022-07-26,Active,135
531,Northline EcoFriendly Calligraphy Set,B054150968,Northline,25,Calligraphy Set,11.59,18.72,2020-12-04,Active,130
532,Sundial Premium Humidifier,B050411036,Sundial,14,Humidifier,176.7,328.3,2022-09-19,Active,79
533,Vireo Everyday Sports Watch,B067728313,Vireo,22,Sports Watch,83.25,169.61,2026-01-06,Active,82
534,Orin Everyday Ring Light,B096149637,Orin,23,Ring Light,62.92,111.77,2023-10-26,Active,71
535,Alto Compact Stud Earrings,B090458942,Alto,21,Stud Earrings,101.14,170.95,2024-10-22,Active,51
536,Sundial UltraLight Puzzle 1000pc,B081243472,Sundial,4,Puzzle 1000pc,126.51,232.15,2020-10-28,Active,130
537,Meadow Compact Sneakers,B051991679,Meadow,8,Sneakers,76.71,125.74,2025-10-27,Active,74
538,Sundial Essential Office Chair,B071161815,Sundial,9,Office Chair,46.38,86.46,2020-03-04,Active,120
539,Basecamp Premium Cordless Drill,B095081424,Basecamp,15,Cordless Drill,153.41,287.91,2024-08-05,Active,50
540,Wrenfield EcoFriendly Electric Toothbrush,B044179345,Wrenfield,3,Electric Toothbrush,159.67,329.69,2021-07-01,Active,101
541,Verve Compact Microphone Kit,B026480387,Verve,18,Microphone Kit,69.49,160.65,2021-01-04,Discontinued,148
542,Orin HeavyDuty Sandals,B065654323,Orin,8,Sandals,59.27,118.48,2021-09-23,Active,92
543,Kestrel Compact Garden Hose,B087232107,Kestrel,19,Garden Hose,65.89,164.16,2019-09-30,Active,63
544,Verve EcoFriendly Kettle,B053096931,Verve,24,Kettle,153.33,281.5,2022-08-24,Discontinued,7
545,Northline UltraLight Automatic Feeder,B063543055,Northline,10,Automatic Feeder,13.02,24.51,2025-11-16,Active,92
546,Orin Everyday Kids Watch,B055789382,Orin,22,Kids Watch,42.57,65.36,2022-09-19,Active,121
547,Kestrel Pro Rice Cooker,B093330561,Kestrel,24,Rice Cooker,174.24,393.46,2025-11-11,Active,30
548,Cinder HeavyDuty Dog Bed,B057118996,Cinder,10,Dog Bed,98.27,210.49,2025-05-18,Active,66
549,Roverly Smart Desk Organiser,B093367291,Roverly,11,Desk Organiser,62.72,116.99,2025-06-09,Active,20
550,Kestrel Advanced Puzzle Book,B038606051,Kestrel,16,Puzzle Book,90.66,203.17,2023-03-16,Active,83
551,Pallet HeavyDuty Cat Tree,B071869073,Pallet,10,Cat Tree,16.05,39.75,2019-10-05,Active,123
552,Fjord Wireless Activewear Set,B093724371,Fjord,7,Activewear Set,87.32,211.79,2023-12-03,Active,107
553,Basecamp Everyday Toiletry Bag,B092051606,Basecamp,20,Toiletry Bag,36.0,68.99,2020-01-13,Active,9
554,Lumen Portable Water Bottle,B082307109,Lumen,5,Water Bottle,41.27,59.83,2022-03-18,Active,125
555,Pallet Everyday LED Work Light,B048243565,Pallet,15,LED Work Light,50.65,113.22,2024-01-04,Active,10
556,Verve Premium Electric Toothbrush,B039348355,Verve,3,Electric Toothbrush,143.37,340.34,2021-05-20,Active,98
557,Alto Essential Tool Set,B020232137,Alto,15,Tool Set,106.55,165.04,2022-01-09,Active,136
558,Milbrook Wireless Paint Sprayer,B058835195,Milbrook,15,Paint Sprayer,113.71,241.4,2021-10-22,Active,10
559,Sundial Pro Jump Starter,B038715260,Sundial,12,Jump Starter,36.7,55.12,2020-04-04,Active,86
560,Wrenfield HeavyDuty Activewear Set,B038474248,Wrenfield,7,Activewear Set,16.27,40.22,2019-05-15,Active,38
561,Cinder HeavyDuty Ring Set,B012604325,Cinder,21,Ring Set,153.99,223.15,2023-08-08,Active,10
562,Lumen UltraLight Tea Sampler,B038500768,Lumen,6,Tea Sampler,112.1,188.77,2024-06-30,Active,57
563,Sundial HeavyDuty Drum Pad,B090518323,Sundial,18,Drum Pad,24.11,41.14,2021-10-13,Active,26
564,Vireo EcoFriendly Building Blocks Set,B011398558,Vireo,4,Building Blocks Set,74.81,142.88,2019-12-09,Active,33
565,Wrenfield Compact Smart Plug,B059729314,Wrenfield,1,Smart Plug,21.7,40.62,2020-08-18,Active,146
566,Cinder Advanced Slippers,B015688505,Cinder,8,Slippers,44.72,84.3,2019-06-26,Active,13
567,Trailhead Pro Garden Hose,B043400086,Trailhead,19,Garden Hose,115.02,223.92,2021-08-11,Active,65
568,Vireo UltraLight Slow Cooker,B079040239,Vireo,24,Slow Cooker,13.9,27.56,2019-02-26,Active,13
569,Kestrel Portable Water Bottle,B017605502,Kestrel,5,Water Bottle,153.96,318.86,2022-06-27,Active,108
570,Halcyon Compact Neck Pillow,B091991558,Halcyon,20,Neck Pillow,155.48,347.33,2021-09-23,Discontinued,88
571,Fjord Everyday Tape Measure,B029135946,Fjord,15,Tape Measure,135.33,319.71,2022-11-21,Active,77
572,Pallet Essential Cordless Drill,B054667943,Pallet,15,Cordless Drill,58.51,96.08,2023-12-04,Active,99
573,Lumen Essential Kids Watch,B038814268,Lumen,22,Kids Watch,87.45,146.12,2019-01-26,Active,85
574,Verve Portable Label Printer,B072687866,Verve,11,Label Printer,177.3,292.71,2020-10-24,Active,68
575,Cinder Classic Massage Gun,B036401120,Cinder,14,Massage Gun,82.47,196.28,2021-10-04,Active,12
576,Kestrel Deluxe Patio Heater,B043389158,Kestrel,19,Patio Heater,27.53,69.44,2024-02-12,Discontinued,112
577,Milbrook Advanced Stroller,B067159223,Milbrook,13,Stroller,169.12,292.69,2020-06-28,Active,101
578,Milbrook Classic Sandals,B062498002,Milbrook,8,Sandals,144.45,330.25,2023-12-02,Active,10
579,Alto Deluxe Planter Box Set,B043791256,Alto,19,Planter Box Set,165.66,241.27,2021-03-14,Active,98
580,Kestrel Essential Snack Box,B010093246,Kestrel,6,Snack Box,116.71,282.51,2023-03-14,Active,105
581,Orin Portable Sneakers,B033874281,Orin,8,Sneakers,27.47,46.45,2021-05-15,Active,96
582,Sundial Premium Sewing Kit,B086398325,Sundial,25,Sewing Kit,171.89,419.19,2022-04-08,Active,49
583,Orin Premium Shaver,B036021607,Orin,3,Shaver,107.01,182.74,2020-04-16,Active,111
584,Vireo EcoFriendly Ring Light,B094053071,Vireo,23,Ring Light,154.8,303.45,2025-11-26,Active,143
585,Sundial Pro Phone Mount,B051516245,Sundial,12,Phone Mount,87.62,163.26,2020-12-07,Active,114
586,Verve Compact Air Purifier,B053821206,Verve,14,Air Purifier,23.56,33.84,2019-07-26,Restricted,149
587,Basecamp Compact Hair Dryer,B027485885,Basecamp,3,Hair Dryer,154.98,273.68,2025-03-03,Active,52
588,Cinder Portable Phone Mount,B013661306,Cinder,12,Phone Mount,44.04,70.44,2020-08-02,Discontinued,69
589,Orin Classic Tripod,B030395529,Orin,23,Tripod,35.53,87.74,2025-09-07,Active,128
590,Fjord Essential RC Car,B078154397,Fjord,4,RC Car,25.94,66.24,2019-03-26,Active,9
591,Fjord Essential Carry-On Suitcase,B077671031,Fjord,20,Carry-On Suitcase,79.39,113.73,2024-02-13,Active,43
592,Cinder Pro Action Camera,B026921670,Cinder,23,Action Camera,72.5,178.71,2021-06-15,Active,21
593,Sundial Signature Resistance Bands,B078954597,Sundial,5,Resistance Bands,173.32,348.5,2021-07-04,Active,5
594,Roverly Compact Chew Toy Pack,B044753961,Roverly,10,Chew Toy Pack,53.73,93.21,2022-11-08,Active,40
595,Halcyon Smart Cotton T-Shirt,B024931127,Halcyon,7,Cotton T-Shirt,93.84,160.52,2022-12-30,Restricted,115
596,Verve Portable Microphone Kit,B010600338,Verve,18,Microphone Kit,164.09,230.94,2022-09-07,Discontinued,135
597,Orin Classic Dash Cam,B013600957,Orin,12,Dash Cam,6.5,11.11,2020-07-28,Active,17
598,Wrenfield Everyday Capture Card,B042708134,Wrenfield,17,Capture Card,54.6,111.7,2022-01-09,Active,132
599,Cinder Essential Baby Monitor,B063846322,Cinder,13,Baby Monitor,152.72,224.63,2025-02-21,Active,69
600,Cinder Classic Blender,B050870096,Cinder,2,Blender,27.47,66.54,2022-07-26,Active,32
601,Roverly Smart Bed Frame,B070081877,Roverly,9,Bed Frame,9.7,17.49,2020-02-23,Active,109
602,Northline Pro Slow Cooker,B056597166,Northline,24,Slow Cooker,37.0,85.13,2023-03-26,Active,96
603,Wrenfield Deluxe Neck Pillow,B094531729,Wrenfield,20,Neck Pillow,152.68,228.34,2023-10-22,Active,82
604,Vireo UltraLight Slow Cooker,B063622714,Vireo,24,Slow Cooker,69.48,104.98,2021-11-27,Active,35
605,Pallet Essential Camping Tent,B035508248,Pallet,5,Camping Tent,65.26,161.5,2021-08-17,Active,150
606,Lumen Portable Winter Coat,B051760768,Lumen,7,Winter Coat,22.73,54.24,2025-03-14,Active,95
607,Basecamp Classic Slow Cooker,B036432395,Basecamp,24,Slow Cooker,129.16,181.88,2025-08-24,Active,74
608,Verve HeavyDuty Webcam,B036613746,Verve,1,Webcam,46.52,103.16,2023-02-11,Active,119
609,Wrenfield Deluxe Stud Earrings,B019851205,Wrenfield,21,Stud Earrings,108.92,249.15,2020-02-22,Active,3
610,Kestrel Wireless Camping Tent,B027114380,Kestrel,5,Camping Tent,16.13,31.94,2020-10-18,Active,4
611,Verve Everyday Desk Organiser,B081002057,Verve,11,Desk Organiser,51.72,119.6,2021-09-18,Active,21
612,Kestrel UltraLight Winter Coat,B028915637,Kestrel,7,Winter Coat,144.82,244.74,2022-04-06,Active,56
613,Fjord Smart Camera Bag,B078399770,Fjord,23,Camera Bag,20.1,46.15,2022-03-10,Active,99
614,Vireo Smart Air Purifier,B094931931,Vireo,14,Air Purifier,5.73,10.84,2021-03-30,Active,22
615,Kestrel Everyday Water Bottle,B025005252,Kestrel,5,Water Bottle,55.73,107.87,2020-12-28,Active,39
616,Halcyon Smart Capture Card,B017723047,Halcyon,17,Capture Card,111.3,278.04,2025-07-28,Active,128
617,Kestrel Wireless Hiking Backpack,B070132166,Kestrel,5,Hiking Backpack,49.88,100.85,2024-04-01,Active,138
618,Vireo Pro Keyboard 61-Key,B075261548,Vireo,18,Keyboard 61-Key,82.25,117.82,2021-04-18,Active,41
619,Vireo Smart Kids Watch,B085486764,Vireo,22,Kids Watch,49.43,96.72,2023-04-24,Active,125
620,Lumen Advanced Gaming Chair,B096826584,Lumen,17,Gaming Chair,57.12,141.64,2024-02-19,Active,113
621,Basecamp UltraLight Cookware Set,B017760004,Basecamp,2,Cookware Set,138.6,238.21,2023-07-08,Active,118
622,Trailhead Essential Label Printer,B069105361,Trailhead,11,Label Printer,50.66,97.19,2022-08-16,Active,16
623,Vireo Compact Cotton T-Shirt,B028962244,Vireo,7,Cotton T-Shirt,96.96,190.11,2024-01-25,Active,45
624,Halcyon UltraLight Planner 2026,B053156020,Halcyon,16,Planner 2026,12.68,21.67,2022-12-20,Active,53
625,Orin Signature Board Game,B068203138,Orin,4,Board Game,168.09,408.43,2021-10-14,Active,29
626,Northline EcoFriendly Notebook Pack,B017069222,Northline,11,Notebook Pack,179.68,267.71,2024-08-30,Restricted,46
627,Alto EcoFriendly Solar Lights,B071104574,Alto,19,Solar Lights,148.64,323.38,2023-09-25,Active,103
628,Milbrook Smart Yoga Mat,B024036865,Milbrook,5,Yoga Mat,81.29,117.7,2021-12-10,Active,69
629,Vireo Compact Acoustic Guitar,B025269936,Vireo,18,Acoustic Guitar,86.55,217.61,2024-08-19,Active,131
630,Pallet Essential Journal,B087924587,Pallet,16,Journal,147.77,339.79,2025-04-21,Active,5
631,Sundial Premium Kettle,B027367564,Sundial,24,Kettle,109.19,266.82,2021-05-12,Active,55
632,Vireo Essential 4K Monitor,B054068669,Vireo,1,4K Monitor,122.05,291.15,2023-09-18,Active,139
633,Meadow Essential Coffee Beans 1kg,B035981941,Meadow,6,Coffee Beans 1kg,37.88,57.66,2020-01-06,Active,20
634,Wrenfield Advanced Toaster,B023395337,Wrenfield,24,Toaster,64.26,132.1,2023-08-17,Active,80
635,Halcyon Pro Notebook Pack,B085154255,Halcyon,11,Notebook Pack,36.43,53.49,2022-12-01,Active,14
636,Orin Premium Microphone Kit,B023911580,Orin,18,Microphone Kit,53.99,140.04,2024-06-19,Active,72
637,Trailhead Essential Massage Gun,B037329593,Trailhead,14,Massage Gun,40.24,73.36,2019-10-10,Active,25
638,Northline Essential Bluetooth Speaker,B061111605,Northline,1,Bluetooth Speaker,17.62,35.51,2020-10-26,Active,6
639,Lumen Classic Jump Starter,B081217813,Lumen,12,Jump Starter,140.73,208.98,2022-01-10,Active,103
640,Northline Premium Nursery Lamp,B080595308,Northline,13,Nursery Lamp,59.29,151.16,2020-09-19,Active,3
641,Cinder UltraLight High Chair,B092635262,Cinder,13,High Chair,12.46,24.67,2026-01-27,Discontinued,24
642,Sundial Pro Puzzle 1000pc,B070684213,Sundial,4,Puzzle 1000pc,40.63,93.63,2025-04-09,Active,15
643,Milbrook Compact Ergonomic Mouse,B054975402,Milbrook,11,Ergonomic Mouse,150.55,299.91,2023-05-23,Discontinued,141
644,Wrenfield EcoFriendly Gaming Headset,B018994006,Wrenfield,17,Gaming Headset,177.17,440.69,2025-02-03,Active,39
645,Meadow HeavyDuty Packing Cubes,B011343054,Meadow,20,Packing Cubes,158.66,259.57,2019-06-25,Active,127
646,Wrenfield Pro Sneakers,B097346176,Wrenfield,8,Sneakers,124.38,202.52,2022-09-18,Active,35
647,Sundial Smart Winter Coat,B084010930,Sundial,7,Winter Coat,78.44,184.7,2023-07-22,Active,107
648,Basecamp Pro Nappy Bag,B087736627,Basecamp,13,Nappy Bag,21.18,33.89,2025-05-28,Active,146
649,Alto Essential Hiking Boots,B048733084,Alto,8,Hiking Boots,124.15,267.48,2024-09-17,Active,85
650,Orin HeavyDuty Microwave,B028372339,Orin,24,Microwave,78.76,142.56,2026-01-05,Active,142
651,Kestrel Premium Sports Watch,B067033458,Kestrel,22,Sports Watch,43.82,68.28,2024-06-26,Active,123
652,Sundial Compact Paint Sprayer,B011138422,Sundial,15,Paint Sprayer,82.91,164.75,2019-09-27,Active,133
653,Trailhead Classic Controller,B098400233,Trailhead,17,Controller,83.07,210.05,2021-12-28,Active,100
654,Wrenfield Smart Gaming Headset,B053434665,Wrenfield,17,Gaming Headset,130.91,223.67,2020-09-23,Active,93
655,Wrenfield Compact Sneakers,B057474562,Wrenfield,8,Sneakers,29.71,70.94,2020-12-20,Active,62
656,Halcyon Deluxe Desk Organiser,B040825017,Halcyon,11,Desk Organiser,106.01,264.51,2023-04-05,Active,57
657,Pallet Pro Memory Card 128GB,B022350251,Pallet,23,Memory Card 128GB,123.48,207.96,2020-06-03,Active,133
658,Halcyon Signature Toiletry Bag,B037509277,Halcyon,20,Toiletry Bag,173.73,277.36,2020-08-01,Active,29
659,Orin Classic Craft Storage Box,B072542403,Orin,25,Craft Storage Box,64.23,165.56,2020-03-05,Active,141
660,Orin Wireless Power Bank,B047482526,Orin,1,Power Bank,7.26,11.42,2019-06-21,Active,130
661,Pallet Portable Dash Cam,B066361727,Pallet,12,Dash Cam,89.03,131.39,2022-09-15,Restricted,127
662,Basecamp Compact Air Purifier,B025244854,Basecamp,14,Air Purifier,92.01,142.93,2021-06-04,Active,3
663,Lumen Smart Journal,B055330881,Lumen,16,Journal,144.16,304.83,2024-07-25,Active,98
664,Alto Compact Hiking Boots,B086127930,Alto,8,Hiking Boots,20.47,29.07,2019-10-05,Active,125
665,Fjord Advanced Slow Cooker,B044743570,Fjord,24,Slow Cooker,159.23,406.18,2019-10-08,Active,128
666,Fjord Everyday Cotton T-Shirt,B062092849,Fjord,7,Cotton T-Shirt,115.25,221.55,2024-04-03,Active,33
667,Northline Essential Ukulele,B044231367,Northline,18,Ukulele,45.01,106.93,2020-06-07,Active,117
668,Basecamp Premium Paint Sprayer,B055464342,Basecamp,15,Paint Sprayer,49.46,120.7,2023-07-01,Active,18
669,Sundial Essential Blender,B083596864,Sundial,2,Blender,127.57,256.27,2023-09-08,Active,130
670,Pallet Deluxe Air Fryer,B012364840,Pallet,2,Air Fryer,163.18,228.6,2020-10-19,Active,74
671,Lumen Everyday Hair Dryer,B017753638,Lumen,3,Hair Dryer,150.38,294.12,2023-04-11,Discontinued,142
672,Sundial Everyday Cotton T-Shirt,B050261864,Sundial,7,Cotton T-Shirt,70.14,106.54,2020-12-25,Active,9
673,Halcyon Compact Bed Frame,B084183397,Halcyon,9,Bed Frame,168.31,423.99,2021-03-13,Active,120
674,Sundial Deluxe LED Work Light,B089607155,Sundial,15,LED Work Light,115.08,259.84,2020-09-06,Restricted,67
675,Alto Smart Gaming Chair,B037609116,Alto,17,Gaming Chair,140.72,310.72,2023-05-18,Active,77
676,Basecamp Compact Cookbook,B069539811,Basecamp,16,Cookbook,47.7,123.33,2022-11-30,Restricted,58
677,Sundial Wireless Nappy Bag,B090807912,Sundial,13,Nappy Bag,53.51,101.31,2026-02-14,Active,74
678,Vireo Wireless Silver Necklace,B017249127,Vireo,21,Silver Necklace,51.32,133.31,2024-03-21,Active,78
679,Kestrel Premium Air Purifier,B011872154,Kestrel,14,Air Purifier,115.42,286.11,2022-03-18,Discontinued,44
680,Halcyon HeavyDuty Seat Cover Set,B065984203,Halcyon,12,Seat Cover Set,122.33,272.43,2025-12-28,Active,46
681,Milbrook Smart Toiletry Bag,B037192023,Milbrook,20,Toiletry Bag,36.19,75.31,2021-08-19,Restricted,94
682,Milbrook Essential Webcam,B071731354,Milbrook,1,Webcam,29.18,41.34,2020-09-08,Discontinued,103
683,Basecamp Essential Cookware Set,B034247612,Basecamp,2,Cookware Set,171.78,426.67,2021-11-09,Active,25
684,Lumen Smart Noise-Cancelling Headphones,B079538564,Lumen,1,Noise-Cancelling Headphones,60.93,145.2,2021-03-29,Active,140
685,Kestrel Smart Carry-On Suitcase,B010398008,Kestrel,20,Carry-On Suitcase,95.23,141.65,2022-05-13,Active,131
686,Basecamp Essential Coffee Maker,B099688279,Basecamp,2,Coffee Maker,84.07,193.71,2025-02-25,Active,16
687,Cinder Pro Stud Earrings,B033569325,Cinder,21,Stud Earrings,56.25,78.79,2023-06-13,Discontinued,112
688,Fjord Smart Sneakers,B062902394,Fjord,8,Sneakers,130.72,198.88,2023-06-01,Discontinued,15
689,Basecamp Premium Puzzle 1000pc,B017738672,Basecamp,4,Puzzle 1000pc,45.48,102.62,2021-09-04,Active,4
690,Sundial Essential Tripod,B048088342,Sundial,23,Tripod,83.43,128.51,2023-04-14,Active,79
691,Verve Premium Controller,B029065229,Verve,17,Controller,87.52,160.49,2025-02-11,Active,19
692,Halcyon Everyday Paint Sprayer,B099334688,Halcyon,15,Paint Sprayer,145.76,263.29,2023-04-03,Discontinued,17
693,Lumen EcoFriendly Packing Cubes,B066139459,Lumen,20,Packing Cubes,143.74,285.15,2020-08-18,Restricted,88
694,Sundial EcoFriendly Storage Ottoman,B018946694,Sundial,9,Storage Ottoman,33.72,65.85,2020-08-14,Active,16
695,Verve Wireless Automatic Feeder,B097035863,Verve,10,Automatic Feeder,122.34,219.54,2023-12-14,Active,66
696,Lumen HeavyDuty Acoustic Guitar,B027260086,Lumen,18,Acoustic Guitar,77.73,181.19,2021-09-19,Active,45
697,Roverly Signature Humidifier,B047706541,Roverly,14,Humidifier,85.42,203.47,2025-12-28,Active,31
698,Trailhead Signature High Chair,B036913900,Trailhead,13,High Chair,51.08,103.34,2020-05-10,Active,91
699,Wrenfield EcoFriendly Running Shoes,B021389435,Wrenfield,8,Running Shoes,26.39,65.91,2019-05-17,Active,72
700,Trailhead Deluxe Tape Measure,B033506415,Trailhead,15,Tape Measure,96.94,159.22,2022-06-12,Active,87
701,Roverly HeavyDuty High Chair,B032139420,Roverly,13,High Chair,54.1,100.15,2025-11-15,Active,108
702,Roverly Pro Standing Desk,B098372825,Roverly,9,Standing Desk,116.35,260.54,2019-02-28,Active,123
703,Basecamp EcoFriendly Glue Gun Kit,B010393186,Basecamp,25,Glue Gun Kit,137.15,207.69,2024-12-05,Restricted,139
704,Kestrel HeavyDuty Notebook Pack,B015243174,Kestrel,11,Notebook Pack,12.86,18.97,2022-12-06,Active,138
705,Sundial Signature Craft Storage Box,B078083167,Sundial,25,Craft Storage Box,151.15,239.69,2024-07-20,Active,141
706,Pallet Pro Toiletry Bag,B083793465,Pallet,20,Toiletry Bag,83.21,136.94,2022-12-13,Active,81
707,Vireo Signature Sports Watch,B072550627,Vireo,22,Sports Watch,159.86,225.72,2020-01-31,Active,66
708,Verve Signature Journal,B077413407,Verve,16,Journal,91.84,140.71,2020-10-15,Active,115
709,Basecamp Compact RC Car,B019380814,Basecamp,4,RC Car,21.77,35.68,2021-12-06,Active,24
710,Cinder Compact Action Camera,B015446342,Cinder,23,Action Camera,20.48,52.14,2025-08-24,Active,139
711,Trailhead Wireless Stroller,B043050331,Trailhead,13,Stroller,49.51,89.35,2025-11-18,Active,106
712,Fjord Essential Glue Gun Kit,B087063521,Fjord,25,Glue Gun Kit,46.86,117.99,2021-09-19,Active,103
713,Basecamp Smart Protein Powder,B028397030,Basecamp,6,Protein Powder,144.53,325.0,2024-05-12,Active,53
714,Alto Deluxe Blender,B078994054,Alto,2,Blender,16.39,29.93,2025-09-22,Active,67
715,Roverly Signature Coffee Maker,B054685691,Roverly,2,Coffee Maker,70.65,170.39,2022-06-17,Active,67
716,Pallet Everyday Tea Sampler,B039750575,Pallet,6,Tea Sampler,42.91,97.62,2026-01-12,Active,41
717,Pallet Classic Glue Gun Kit,B035403726,Pallet,25,Glue Gun Kit,19.16,37.49,2024-12-06,Active,104
718,Alto Signature Noise-Cancelling Headphones,B082418938,Alto,1,Noise-Cancelling Headphones,100.78,216.02,2019-08-01,Active,138
719,Kestrel Advanced Water Bottle,B013764993,Kestrel,5,Water Bottle,37.54,73.37,2022-12-26,Active,6
720,Fjord EcoFriendly Pet Carrier,B045106158,Fjord,10,Pet Carrier,162.31,410.49,2020-12-13,Active,101
721,Northline HeavyDuty Webcam,B010667538,Northline,1,Webcam,152.49,249.16,2021-01-18,Active,1
722,Northline Pro Cotton T-Shirt,B028103047,Northline,7,Cotton T-Shirt,82.22,129.08,2021-02-23,Restricted,98
723,Kestrel UltraLight Building Blocks Set,B056548721,Kestrel,4,Building Blocks Set,173.74,392.9,2022-08-26,Active,46
724,Meadow UltraLight Sports Watch,B023329543,Meadow,22,Sports Watch,89.41,208.64,2019-02-07,Active,92
725,Cinder Signature Desk Organiser,B072179635,Cinder,11,Desk Organiser,153.35,378.22,2024-03-16,Active,9
726,Verve HeavyDuty Cordless Drill,B096986866,Verve,15,Cordless Drill,131.34,274.85,2022-05-05,Active,65
727,Roverly Smart Notebook Pack,B022525800,Roverly,11,Notebook Pack,18.34,29.93,2020-01-04,Active,12
728,Verve Smart Blender,B084125475,Verve,2,Blender,10.61,23.99,2020-09-21,Active,56
729,Alto UltraLight Controller,B054787557,Alto,17,Controller,162.45,357.03,2022-12-09,Active,52
730,Milbrook Portable Webcam,B041601658,Milbrook,1,Webcam,126.82,218.37,2019-07-11,Active,7
731,Meadow Everyday Sports Watch,B085260360,Meadow,22,Sports Watch,166.06,425.46,2025-03-29,Active,77
732,Cinder Smart Planner 2026,B039696625,Cinder,16,Planner 2026,46.28,90.88,2022-01-21,Active,143
733,Trailhead Pro Running Jacket,B045079500,Trailhead,7,Running Jacket,120.87,218.3,2020-10-26,Active,109
734,Milbrook Classic Capture Card,B098458610,Milbrook,17,Capture Card,22.7,36.51,2024-02-24,Active,71
735,Halcyon Advanced BBQ Grill,B041849424,Halcyon,19,BBQ Grill,50.84,122.01,2020-08-20,Active,33
736,Cinder Classic Running Shoes,B023327766,Cinder,8,Running Shoes,52.91,105.71,2022-03-05,Discontinued,125
737,Wrenfield EcoFriendly Yoga Mat,B081183863,Wrenfield,5,Yoga Mat,157.71,232.1,2025-08-20,Active,38
738,Orin Portable Paint Sprayer,B012644046,Orin,15,Paint Sprayer,135.67,223.85,2020-05-17,Active,140
739,Wrenfield Everyday Office Chair,B062842611,Wrenfield,9,Office Chair,144.33,248.72,2019-08-24,Active,62
740,Sundial Compact Nappy Bag,B021592789,Sundial,13,Nappy Bag,138.97,239.3,2024-02-25,Active,138
741,Lumen HeavyDuty Action Camera,B097793077,Lumen,23,Action Camera,102.94,212.39,2025-03-18,Active,8
742,Pallet Pro Ring Light,B076413671,Pallet,23,Ring Light,108.77,222.66,2024-03-24,Active,123
743,Wrenfield Compact Camera Bag,B011732141,Wrenfield,23,Camera Bag,179.45,343.9,2025-06-23,Active,118
744,Kestrel Portable Controller,B025487103,Kestrel,17,Controller,44.55,99.0,2021-12-03,Active,17
745,Kestrel Classic Laptop Stand,B044574778,Kestrel,11,Laptop Stand,146.82,215.3,2025-03-16,Active,138
746,Lumen Deluxe Skincare Set,B083580900,Lumen,3,Skincare Set,174.53,393.87,2021-09-22,Active,104
747,Fjord Essential Drum Pad,B053151442,Fjord,18,Drum Pad,108.28,214.29,2025-12-21,Restricted,16
748,Sundial Pro Travel Backpack,B024165740,Sundial,20,Travel Backpack,151.26,241.47,2025-09-09,Active,110
749,Alto Premium Baby Monitor,B096865798,Alto,13,Baby Monitor,82.09,202.73,2019-11-07,Active,93
750,Milbrook Everyday Car Vacuum,B048177208,Milbrook,12,Car Vacuum,10.33,22.62,2023-10-30,Active,83
751,Meadow Essential Noise-Cancelling Headphones,B086588486,Meadow,1,Noise-Cancelling Headphones,40.37,98.86,2022-08-06,Active,128
752,Vireo Signature Jump Starter,B039697894,Vireo,12,Jump Starter,40.86,83.54,2023-04-19,Active,29
753,Sundial Portable Desk Organiser,B085240390,Sundial,11,Desk Organiser,123.0,306.18,2023-07-18,Active,77
754,Orin Compact Toiletry Bag,B017249433,Orin,20,Toiletry Bag,162.69,408.58,2020-07-26,Active,103
755,Milbrook Deluxe Phone Mount,B014294329,Milbrook,12,Phone Mount,160.34,312.97,2023-12-16,Restricted,57
756,Meadow Portable Paint Sprayer,B021954802,Meadow,15,Paint Sprayer,176.35,394.25,2019-07-12,Active,10
757,Northline EcoFriendly Mouse Pad XL,B047387970,Northline,17,Mouse Pad XL,59.84,118.51,2021-12-11,Active,31
758,Pallet Premium Knife Set,B057350357,Pallet,2,Knife Set,136.87,348.5,2021-03-31,Active,2
759,Alto Pro Jump Starter,B059231332,Alto,12,Jump Starter,148.1,228.08,2022-02-15,Active,14
760,Pallet Premium Drum Pad,B015280156,Pallet,18,Drum Pad,128.4,321.52,2022-09-25,Active,88
761,Northline Smart Ring Light,B027410605,Northline,23,Ring Light,164.62,403.08,2023-08-13,Active,141
762,Halcyon Essential Bluetooth Speaker,B055739326,Halcyon,1,Bluetooth Speaker,143.13,278.35,2021-01-20,Active,48
763,Cinder HeavyDuty Calligraphy Set,B093496276,Cinder,25,Calligraphy Set,166.05,348.36,2025-02-02,Active,84
764,Vireo Smart Knife Set,B012931659,Vireo,2,Knife Set,24.55,38.17,2025-11-06,Active,23
765,Halcyon Classic Charm Bracelet,B051849877,Halcyon,21,Charm Bracelet,14.05,31.01,2020-03-09,Active,125
766,Sundial UltraLight Cat Tree,B051133161,Sundial,10,Cat Tree,96.31,210.17,2021-01-08,Active,46
767,Cinder Classic Slow Cooker,B012627014,Cinder,24,Slow Cooker,16.52,29.98,2020-07-04,Active,52
768,Wrenfield Portable Baby Monitor,B012648191,Wrenfield,13,Baby Monitor,170.82,253.35,2020-12-13,Active,10
769,Lumen Compact Bed Frame,B094815170,Lumen,9,Bed Frame,43.91,93.19,2019-07-17,Active,15
770,Trailhead Pro Ring Set,B055110158,Trailhead,21,Ring Set,37.36,92.3,2024-10-19,Active,116
771,Vireo UltraLight Office Chair,B023224541,Vireo,9,Office Chair,46.13,87.72,2024-05-11,Active,139
772,Northline Compact Running Jacket,B039159511,Northline,7,Running Jacket,146.27,272.89,2020-04-15,Active,140
773,Northline Compact Sneakers,B054641994,Northline,8,Sneakers,26.94,48.89,2022-07-17,Active,95
774,Halcyon UltraLight Dive Watch,B057366565,Halcyon,22,Dive Watch,48.56,100.34,2022-09-21,Active,75
775,Milbrook Wireless Craft Storage Box,B079335081,Milbrook,25,Craft Storage Box,94.99,193.35,2023-05-09,Active,131
776,Trailhead Classic Drum Pad,B013561497,Trailhead,18,Drum Pad,42.33,93.65,2020-03-01,Active,56
777,Trailhead Classic Nappy Bag,B026810950,Trailhead,13,Nappy Bag,55.87,116.51,2021-01-12,Active,137
778,Verve Advanced Toaster,B032403427,Verve,24,Toaster,144.53,248.68,2021-09-05,Active,45
779,Orin Smart Seat Cover Set,B067033002,Orin,12,Seat Cover Set,81.21,134.97,2021-05-23,Active,134
780,Roverly Advanced Phone Mount,B060856306,Roverly,12,Phone Mount,44.61,78.04,2021-06-15,Active,125
781,Fjord Classic Ergonomic Mouse,B032986990,Fjord,11,Ergonomic Mouse,19.79,50.54,2021-03-08,Active,82
782,Trailhead Smart Knife Set,B026450961,Trailhead,2,Knife Set,64.65,103.0,2024-06-19,Active,88
783,Orin Premium Journal,B040948393,Orin,16,Journal,104.35,254.01,2025-09-07,Active,111
784,Basecamp Smart Packing Cubes,B087140535,Basecamp,20,Packing Cubes,54.58,112.95,2026-02-13,Active,25
785,Lumen Smart BBQ Grill,B012956156,Lumen,19,BBQ Grill,104.73,272.2,2024-10-08,Active,51
786,Basecamp Deluxe Winter Coat,B037217933,Basecamp,7,Winter Coat,54.19,127.42,2023-01-05,Active,79
787,Sundial Pro Sewing Kit,B035802855,Sundial,25,Sewing Kit,94.0,222.59,2020-12-16,Active,101
788,Wrenfield Signature Label Printer,B023458496,Wrenfield,11,Label Printer,107.51,168.35,2019-10-04,Active,61
789,Orin Classic Nursery Lamp,B092872673,Orin,13,Nursery Lamp,169.65,412.97,2020-06-28,Active,10
790,Halcyon Premium Shaver,B011480175,Halcyon,3,Shaver,59.78,117.22,2020-06-23,Active,145
791,Halcyon Compact Ergonomic Mouse,B027881404,Halcyon,11,Ergonomic Mouse,106.05,228.37,2021-09-18,Active,31
792,Orin Signature Office Chair,B035828037,Orin,9,Office Chair,79.03,142.29,2025-06-20,Active,145
793,Sundial Pro Ring Light,B077658520,Sundial,23,Ring Light,87.98,136.99,2025-07-31,Active,34
794,Lumen Classic Bookshelf,B095225163,Lumen,9,Bookshelf,45.2,66.53,2023-04-17,Restricted,72
795,Roverly Portable Electric Toothbrush,B011199217,Roverly,3,Electric Toothbrush,94.03,235.28,2022-09-10,Active,123
796,Milbrook Essential Ring Light,B072072733,Milbrook,23,Ring Light,174.37,435.52,2025-02-03,Discontinued,115
797,Alto Everyday Protein Powder,B057670630,Alto,6,Protein Powder,93.32,175.58,2023-07-05,Discontinued,70
798,Sundial EcoFriendly Cookware Set,B050401561,Sundial,2,Cookware Set,52.43,130.63,2022-02-25,Active,89
799,Trailhead Signature Pet Carrier,B020531544,Trailhead,10,Pet Carrier,97.7,172.35,2026-01-16,Active,144
800,Halcyon HeavyDuty Ergonomic Mouse,B079167585,Halcyon,11,Ergonomic Mouse,92.54,138.76,2024-11-02,Active,41
