ForecastKey,DateKey,ProductKey,ForecastUnits,ActualUnits,ML_PredictedUnits,ML_ForecastVariance
1,20230101,166,146,121,127.0,-19.0
2,20230101,128,164,212,165.7,1.7
3,20230101,413,139,144,134.3,-4.7
4,20230101,654,129,149,128.2,-0.8
5,20230101,711,142,170,133.8,-8.2
6,20230101,123,122,97,131.9,9.9
7,20230101,246,127,147,128.5,1.5
8,20230101,637,117,113,131.7,14.7
9,20230101,716,118,99,131.7,13.7
10,20230101,672,163,151,135.2,-27.8
11,20230101,150,119,113,127.7,8.7
12,20230101,572,132,106,132.2,0.2
13,20230101,504,126,151,128.3,2.3
14,20230101,269,174,144,137.1,-36.9
15,20230101,354,143,183,137.1,-5.9
16,20230101,590,173,192,145.6,-27.4
17,20230101,730,131,98,118.7,-12.3
18,20230101,699,143,124,138.5,-4.5
19,20230101,263,119,130,132.9,13.9
20,20230101,288,113,88,104.0,-9.0
21,20230101,230,115,88,126.6,11.6
22,20230101,440,150,117,133.6,-16.4
23,20230101,744,150,191,131.4,-18.6
24,20230101,46,150,134,132.3,-17.7
25,20230101,35,127,89,136.8,9.8
26,20230101,203,143,151,136.7,-6.3
27,20230101,359,135,154,138.1,3.1
28,20230101,605,127,163,137.7,10.7
29,20230101,480,122,115,128.0,6.0
30,20230101,624,120,139,141.9,21.9
31,20230101,537,114,140,135.8,21.8
32,20230101,234,118,105,128.2,10.2
33,20230101,636,129,101,121.1,-7.9
34,20230101,133,132,123,134.5,2.5
35,20230101,800,121,146,152.7,31.7
36,20230101,761,120,132,137.6,17.6
37,20230101,89,121,96,124.7,3.7
38,20230101,280,116,125,127.3,11.3
39,20230101,435,115,122,129.8,14.8
40,20230101,291,130,111,133.7,3.7
41,20230101,312,128,118,134.3,6.3
42,20230101,456,141,177,140.1,-0.9
43,20230101,563,126,121,120.6,-5.4
44,20230101,122,128,133,136.9,8.9
45,20230101,733,162,203,137.3,-24.7
46,20230101,61,170,170,137.2,-32.8
47,20230101,509,117,149,132.9,15.9
48,20230101,401,113,90,128.5,15.5
49,20230101,340,112,79,132.0,20.0
50,20230101,569,132,133,137.1,5.1
51,20230101,278,146,123,128.7,-17.3
52,20230101,146,126,161,128.5,2.5
53,20230101,383,161,191,140.0,-21.0
54,20230101,350,156,169,144.6,-11.4
55,20230101,745,113,88,117.6,4.6
56,20230101,151,108,119,126.7,18.7
57,20230101,658,145,184,138.1,-6.9
58,20230101,404,125,142,136.1,11.1
59,20230101,363,132,131,133.6,1.6
60,20230101,384,128,141,140.0,12.0
61,20230201,257,145,178,148.3,3.3
62,20230201,386,134,98,127.3,-6.7
63,20230201,91,126,89,132.2,6.2
64,20230201,366,127,130,132.5,5.5
65,20230201,243,128,130,128.3,0.3
66,20230201,417,115,122,124.0,9.0
67,20230201,639,117,100,140.2,23.2
68,20230201,92,132,101,136.7,4.7
69,20230201,486,146,123,140.1,-5.9
70,20230201,792,137,168,132.5,-4.5
71,20230201,385,149,171,134.0,-15.0
72,20230201,507,102,78,123.9,21.9
73,20230201,752,118,89,132.5,14.5
74,20230201,695,148,115,131.9,-16.1
75,20230201,119,137,105,135.7,-1.3
76,20230201,344,129,149,159.2,30.2
77,20230201,528,127,94,128.9,1.9
78,20230201,374,174,171,155.3,-18.7
79,20230201,48,120,108,142.5,22.5
80,20230201,690,135,122,136.3,1.3
81,20230201,774,109,80,133.8,24.8
82,20230201,658,148,149,140.2,-7.8
83,20230201,82,166,182,133.7,-32.3
84,20230201,505,152,176,128.4,-23.6
85,20230201,155,145,151,121.9,-23.1
86,20230201,347,121,155,127.3,6.3
87,20230201,470,155,196,143.7,-11.3
88,20230201,361,117,91,136.1,19.1
89,20230201,339,117,120,133.9,16.9
90,20230201,728,114,127,145.5,31.5
91,20230201,194,107,109,138.3,31.3
92,20230201,176,141,165,137.7,-3.3
93,20230201,556,102,131,133.3,31.3
94,20230201,761,124,105,132.7,8.7
95,20230201,229,144,109,125.5,-18.5
96,20230201,348,148,190,140.1,-7.9
97,20230201,25,149,156,128.2,-20.8
98,20230201,247,138,147,122.9,-15.1
99,20230201,498,143,138,130.1,-12.9
100,20230201,423,97,83,136.7,39.7
101,20230201,161,135,99,129.7,-5.3
102,20230201,521,157,113,129.0,-28.0
103,20230201,573,118,130,133.9,15.9
104,20230201,511,152,130,132.2,-19.8
105,20230201,295,171,217,152.2,-18.8
106,20230201,19,111,108,121.3,10.3
107,20230201,502,117,121,131.1,14.1
108,20230201,327,124,88,120.3,-3.7
109,20230201,250,124,142,130.8,6.8
110,20230201,773,151,160,134.3,-16.7
111,20230201,341,117,108,126.1,9.1
112,20230201,181,156,177,124.5,-31.5
113,20230201,414,120,96,132.2,12.2
114,20230201,610,146,109,134.9,-11.1
115,20230201,220,135,141,127.6,-7.4
116,20230201,270,118,130,125.9,7.9
117,20230201,353,153,193,130.4,-22.6
118,20230201,24,144,148,136.1,-7.9
119,20230201,488,132,131,134.4,2.4
120,20230201,205,151,152,132.1,-18.9
121,20230301,537,119,151,135.0,16.0
122,20230301,387,130,102,134.6,4.6
123,20230301,290,109,127,140.6,31.6
124,20230301,263,116,113,132.1,16.1
125,20230301,83,179,176,129.4,-49.6
126,20230301,408,118,95,130.3,12.3
127,20230301,656,112,122,130.1,18.1
128,20230301,466,119,90,125.1,6.1
129,20230301,721,130,166,135.8,5.8
130,20230301,341,97,117,125.0,28.0
131,20230301,250,130,133,129.4,-0.6
132,20230301,331,163,141,128.6,-34.4
133,20230301,731,135,127,155.6,20.6
134,20230301,79,120,144,135.2,15.2
135,20230301,386,154,140,126.0,-28.0
136,20230301,450,107,104,133.8,26.8
137,20230301,351,174,159,138.9,-35.1
138,20230301,344,168,170,158.2,-9.8
139,20230301,752,126,100,131.5,5.5
140,20230301,472,130,161,123.3,-6.7
141,20230301,599,127,117,132.4,5.4
142,20230301,598,132,141,120.7,-11.3
143,20230301,603,128,137,130.1,2.1
144,20230301,730,150,115,137.0,-13.0
145,20230301,146,114,89,127.1,13.1
146,20230301,78,128,94,130.1,2.1
147,20230301,52,163,207,148.0,-15.0
148,20230301,498,146,111,127.4,-18.6
149,20230301,608,136,152,137.2,1.2
150,20230301,515,151,175,129.8,-21.2
151,20230301,615,150,121,135.0,-15.0
152,20230301,154,115,115,131.5,16.5
153,20230301,63,104,100,133.7,29.7
154,20230301,206,124,135,128.8,4.8
155,20230301,359,131,131,136.7,5.7
156,20230301,783,108,126,130.5,22.5
157,20230301,305,147,117,130.6,-16.4
158,20230301,173,167,137,138.8,-28.2
159,20230301,190,135,102,125.1,-9.9
160,20230301,712,156,142,128.7,-27.3
161,20230301,604,116,134,136.5,20.5
162,20230301,166,129,104,125.8,-3.2
163,20230301,40,133,153,129.1,-3.9
164,20230301,370,130,100,127.0,-3.0
165,20230301,108,138,172,135.4,-2.6
166,20230301,277,114,87,122.5,8.5
167,20230301,756,132,98,135.3,3.3
168,20230301,120,100,125,127.8,27.8
169,20230301,746,181,188,149.9,-31.1
170,20230301,155,125,115,120.5,-4.5
171,20230301,266,144,130,138.7,-5.3
172,20230301,270,153,109,124.5,-28.5
173,20230301,436,168,165,131.3,-36.7
174,20230301,92,126,131,135.3,9.3
175,20230301,82,112,83,127.0,15.0
176,20230301,175,134,151,126.9,-7.1
177,20230301,393,161,168,140.8,-20.2
178,20230301,22,154,125,130.2,-23.8
179,20230301,580,129,94,131.3,2.3
180,20230301,508,151,114,107.6,-43.4
181,20230401,751,116,99,138.0,22.0
182,20230401,789,116,89,127.0,11.0
183,20230401,427,142,148,131.2,-10.8
184,20230401,239,142,161,133.9,-8.1
185,20230401,428,109,138,132.6,23.6
186,20230401,310,160,122,139.6,-20.4
187,20230401,69,117,149,134.3,17.3
188,20230401,245,111,114,131.7,20.7
189,20230401,543,168,215,133.6,-34.4
190,20230401,19,167,154,143.5,-23.5
191,20230401,30,165,154,133.0,-32.0
192,20230401,483,140,126,126.2,-13.8
193,20230401,589,143,159,135.3,-7.7
194,20230401,96,115,113,149.9,34.9
195,20230401,485,170,176,137.8,-32.2
196,20230401,601,106,131,140.7,34.7
197,20230401,507,114,134,125.5,11.5
198,20230401,304,128,145,149.5,21.5
199,20230401,414,116,134,131.6,15.6
200,20230401,440,152,136,134.6,-17.4
201,20230401,159,166,160,134.7,-31.3
202,20230401,101,123,154,128.1,5.1
203,20230401,255,153,138,127.1,-25.9
204,20230401,190,129,113,127.2,-1.8
205,20230401,521,157,186,129.0,-28.0
206,20230401,691,137,164,146.0,9.0
207,20230401,277,98,76,123.9,25.9
208,20230401,642,127,106,134.9,7.9
209,20230401,31,130,155,131.9,1.9
210,20230401,439,141,106,145.6,4.6
211,20230401,449,143,165,171.5,28.5
212,20230401,610,132,160,135.7,3.7
213,20230401,636,133,155,125.7,-7.3
214,20230401,778,114,129,129.1,15.1
215,20230401,57,141,101,131.4,-9.6
216,20230401,608,164,162,139.0,-25.0
217,20230401,491,123,125,126.6,3.6
218,20230401,649,149,128,129.1,-19.9
219,20230401,53,114,138,132.4,18.4
220,20230401,154,139,109,135.4,-3.6
221,20230401,785,120,136,130.4,10.4
222,20230401,638,109,130,135.1,26.1
223,20230401,713,174,122,129.2,-44.8
224,20230401,352,112,79,130.4,18.4
225,20230401,753,146,184,130.3,-15.7
226,20230401,133,137,168,134.9,-2.1
227,20230401,325,146,137,141.5,-4.5
228,20230401,12,157,150,130.9,-26.1
229,20230401,145,121,122,131.6,10.6
230,20230401,532,149,133,133.4,-15.6
231,20230401,388,134,169,146.3,12.3
232,20230401,8,163,176,134.9,-28.1
233,20230401,22,138,115,132.0,-6.0
234,20230401,754,105,118,151.6,46.6
235,20230401,579,150,115,138.8,-11.2
236,20230401,582,124,147,149.1,25.1
237,20230401,178,134,125,134.8,0.8
238,20230401,497,154,178,131.8,-22.2
239,20230401,150,133,114,128.7,-4.3
240,20230401,477,128,99,131.8,3.8
241,20230501,158,194,249,125.0,-69.0
242,20230501,117,132,107,137.6,5.6
243,20230501,420,140,175,143.5,3.5
244,20230501,399,151,185,138.9,-12.1
245,20230501,301,153,137,132.7,-20.3
246,20230501,764,131,159,150.6,19.6
247,20230501,594,154,121,134.1,-19.9
248,20230501,46,126,162,131.8,5.8
249,20230501,431,153,181,136.1,-16.9
250,20230501,94,132,135,137.1,5.1
251,20230501,534,97,86,120.8,23.8
252,20230501,292,117,133,125.7,8.7
253,20230501,216,144,155,131.8,-12.2
254,20230501,297,130,142,131.4,1.4
255,20230501,769,119,123,132.6,13.6
256,20230501,192,132,130,133.6,1.6
257,20230501,459,104,128,143.2,39.2
258,20230501,256,137,176,155.6,18.6
259,20230501,359,143,177,138.8,-4.2
260,20230501,438,141,111,151.4,10.4
261,20230501,421,135,100,125.1,-9.9
262,20230501,361,146,139,136.5,-9.5
263,20230501,295,154,169,149.9,-4.1
264,20230501,364,175,208,158.0,-17.0
265,20230501,257,123,150,145.8,22.8
266,20230501,97,134,173,153.2,19.2
267,20230501,11,150,152,148.1,-1.9
268,20230501,238,126,146,128.1,2.1
269,20230501,423,176,187,137.7,-38.3
270,20230501,561,159,189,134.3,-24.7
271,20230501,502,174,131,134.1,-39.9
272,20230501,414,114,118,131.8,17.8
273,20230501,799,111,107,135.7,24.7
274,20230501,251,129,159,143.0,14.0
275,20230501,22,129,97,132.3,3.3
276,20230501,463,168,140,126.4,-41.6
277,20230501,528,126,140,133.5,7.5
278,20230501,356,129,165,144.8,15.8
279,20230501,8,136,157,135.1,-0.9
280,20230501,67,103,91,121.3,18.3
281,20230501,215,126,121,139.4,13.4
282,20230501,629,119,114,127.2,8.2
283,20230501,707,100,100,135.6,35.6
284,20230501,728,129,132,145.5,16.5
285,20230501,398,127,113,137.9,10.9
286,20230501,689,117,128,132.9,15.9
287,20230501,477,149,147,132.0,-17.0
288,20230501,170,135,167,139.1,4.1
289,20230501,303,139,179,135.5,-3.5
290,20230501,531,159,117,139.8,-19.2
291,20230501,266,154,156,132.8,-21.2
292,20230501,619,123,140,137.5,14.5
293,20230501,355,105,105,134.8,29.8
294,20230501,607,167,143,117.2,-49.8
295,20230501,485,144,135,138.0,-6.0
296,20230501,180,109,84,119.2,10.2
297,20230501,262,118,92,131.7,13.7
298,20230501,760,130,110,122.1,-7.9
299,20230501,107,166,135,132.6,-33.4
300,20230501,648,158,204,125.8,-32.2
301,20230601,108,134,122,138.2,4.2
302,20230601,712,154,154,129.3,-24.7
303,20230601,355,170,130,135.0,-35.0
304,20230601,598,116,95,123.3,7.3
305,20230601,198,143,140,140.3,-2.7
306,20230601,405,134,96,129.1,-4.9
307,20230601,504,143,110,131.0,-12.0
308,20230601,670,129,155,151.3,22.3
309,20230601,523,128,131,137.9,9.9
310,20230601,787,127,98,131.1,4.1
311,20230601,663,122,115,127.7,5.7
312,20230601,444,131,102,128.4,-2.6
313,20230601,357,135,124,113.6,-21.4
314,20230601,727,131,131,126.0,-5.0
315,20230601,10,123,103,127.2,4.2
316,20230601,668,98,124,134.9,36.9
317,20230601,578,157,125,130.5,-26.5
318,20230601,138,145,142,128.3,-16.7
319,20230601,542,125,107,126.2,1.2
320,20230601,159,120,132,134.9,14.9
321,20230601,409,126,129,137.3,11.3
322,20230601,186,166,187,132.2,-33.8
323,20230601,534,145,134,121.1,-23.9
324,20230601,512,148,132,147.7,-0.3
325,20230601,587,148,103,126.7,-21.3
326,20230601,723,173,214,140.8,-32.2
327,20230601,363,114,88,134.9,20.9
328,20230601,93,163,184,141.5,-21.5
329,20230601,312,160,189,136.2,-23.8
330,20230601,106,145,152,131.1,-13.9
331,20230601,425,183,144,136.1,-46.9
332,20230601,655,158,184,137.0,-21.0
333,20230601,167,151,176,136.9,-14.1
334,20230601,252,124,106,132.5,8.5
335,20230601,163,127,155,135.4,8.4
336,20230601,373,126,108,133.1,7.1
337,20230601,427,104,114,131.0,27.0
338,20230601,89,122,148,128.9,6.9
339,20230601,397,125,143,132.7,7.7
340,20230601,562,149,162,131.9,-17.1
341,20230601,582,160,162,148.9,-11.1
342,20230601,735,99,124,135.1,36.1
343,20230601,653,132,125,147.4,15.4
344,20230601,121,156,136,137.0,-19.0
345,20230601,647,143,130,133.6,-9.4
346,20230601,276,170,212,150.3,-19.7
347,20230601,229,116,99,125.3,9.3
348,20230601,489,131,131,129.0,-2.0
349,20230601,630,107,103,133.1,26.1
350,20230601,691,112,127,138.9,26.9
351,20230601,172,157,144,147.2,-9.8
352,20230601,568,139,106,127.4,-11.6
353,20230601,311,113,140,130.3,17.3
354,20230601,118,154,142,128.9,-25.1
355,20230601,774,97,82,137.4,40.4
356,20230601,31,95,68,131.7,36.7
357,20230601,323,113,112,136.3,23.3
358,20230601,193,125,118,124.2,-0.8
359,20230601,319,117,123,127.6,10.6
360,20230601,129,156,137,128.0,-28.0
361,20230701,562,158,117,130.8,-27.2
362,20230701,552,127,101,139.6,12.6
363,20230701,443,141,121,136.1,-4.9
364,20230701,283,102,90,126.1,24.1
365,20230701,355,101,121,135.5,34.5
366,20230701,742,185,144,131.4,-53.6
367,20230701,439,152,157,145.4,-6.6
368,20230701,756,142,136,135.2,-6.8
369,20230701,46,110,93,131.3,21.3
370,20230701,353,127,115,132.8,5.8
371,20230701,565,118,141,130.0,12.0
372,20230701,244,163,188,136.5,-26.5
373,20230701,234,154,148,125.9,-28.1
374,20230701,262,116,128,131.7,15.7
375,20230701,201,153,112,138.2,-14.8
376,20230701,242,117,95,132.1,15.1
377,20230701,399,138,155,136.2,-1.8
378,20230701,325,127,147,134.3,7.3
379,20230701,291,116,123,133.7,17.7
380,20230701,653,147,185,147.4,0.4
381,20230701,50,161,124,136.4,-24.6
382,20230701,307,120,113,137.4,17.4
383,20230701,476,133,98,131.8,-1.2
384,20230701,594,144,159,133.0,-11.0
385,20230701,574,164,125,128.0,-36.0
386,20230701,206,113,91,128.7,15.7
387,20230701,203,157,119,142.0,-15.0
388,20230701,530,110,115,128.6,18.6
389,20230701,37,147,175,134.8,-12.2
390,20230701,738,120,105,129.7,9.7
391,20230701,170,114,124,138.9,24.9
392,20230701,600,130,143,150.5,20.5
393,20230701,433,133,172,139.2,6.2
394,20230701,777,127,94,122.0,-5.0
395,20230701,315,118,129,130.5,12.5
396,20230701,59,167,173,139.5,-27.5
397,20230701,339,119,150,133.0,14.0
398,20230701,186,138,170,132.2,-5.8
399,20230701,514,123,114,125.3,2.3
400,20230701,614,112,123,137.8,25.8
401,20230701,327,102,82,118.7,16.7
402,20230701,329,146,118,125.9,-20.1
403,20230701,228,99,80,134.5,35.5
404,20230701,13,126,163,146.1,20.1
405,20230701,284,125,92,132.4,7.4
406,20230701,75,125,90,127.8,2.8
407,20230701,275,130,98,124.8,-5.2
408,20230701,710,131,118,123.1,-7.9
409,20230701,668,174,158,135.1,-38.9
410,20230701,82,127,124,120.8,-6.2
411,20230701,142,141,182,125.8,-15.2
412,20230701,341,139,111,125.1,-13.9
413,20230701,100,143,140,139.2,-3.8
414,20230701,642,120,88,133.7,13.7
415,20230701,538,144,174,134.4,-9.6
416,20230701,635,127,118,139.8,12.8
417,20230701,309,120,96,123.9,3.9
418,20230701,549,137,113,121.8,-15.2
419,20230701,424,146,150,133.7,-12.3
420,20230701,649,108,139,127.8,19.8
421,20230801,134,111,110,128.3,17.3
422,20230801,352,144,174,130.4,-13.6
423,20230801,80,123,117,137.3,14.3
424,20230801,718,140,168,150.4,10.4
425,20230801,218,150,161,134.3,-15.7
426,20230801,59,109,98,139.5,30.5
427,20230801,436,116,131,135.3,19.3
428,20230801,254,162,154,139.7,-22.3
429,20230801,785,129,110,130.4,1.4
430,20230801,280,142,134,124.5,-17.5
431,20230801,304,136,167,149.7,13.7
432,20230801,424,159,155,134.4,-24.6
433,20230801,382,124,96,129.0,5.0
434,20230801,269,137,169,140.3,3.3
435,20230801,205,131,100,132.4,1.4
436,20230801,403,123,122,141.9,18.9
437,20230801,133,103,93,134.0,31.0
438,20230801,700,133,133,136.1,3.1
439,20230801,256,130,168,155.4,25.4
440,20230801,757,141,104,125.1,-15.9
441,20230801,242,134,128,132.8,-1.2
442,20230801,621,109,131,132.5,23.5
443,20230801,754,160,188,151.5,-8.5
444,20230801,355,162,168,136.1,-25.9
445,20230801,556,120,125,131.8,11.8
446,20230801,2,117,83,141.8,24.8
447,20230801,71,113,112,134.3,21.3
448,20230801,106,173,175,130.6,-42.4
449,20230801,377,159,179,138.3,-20.7
450,20230801,42,129,129,139.0,10.0
451,20230801,444,165,205,128.4,-36.6
452,20230801,696,133,125,131.1,-1.9
453,20230801,34,142,105,141.8,-0.2
454,20230801,633,134,151,158.2,24.2
455,20230801,593,153,107,123.2,-29.8
456,20230801,137,126,143,139.9,13.9
457,20230801,566,115,112,131.2,16.2
458,20230801,759,147,179,131.3,-15.7
459,20230801,289,136,159,140.8,4.8
460,20230801,261,144,132,138.7,-5.3
461,20230801,264,155,195,138.2,-16.8
462,20230801,798,132,119,141.4,9.4
463,20230801,161,125,134,132.9,7.9
464,20230801,198,132,97,139.9,7.9
465,20230801,271,142,110,131.9,-10.1
466,20230801,715,101,129,136.3,35.3
467,20230801,239,142,150,134.4,-7.6
468,20230801,84,114,145,135.1,21.1
469,20230801,85,153,167,147.4,-5.6
470,20230801,361,119,127,135.6,16.6
471,20230801,417,139,119,125.2,-13.8
472,20230801,72,123,152,139.9,16.9
473,20230801,409,141,119,137.3,-3.7
474,20230801,416,141,114,132.8,-8.2
475,20230801,585,125,100,135.8,10.8
476,20230801,320,135,136,130.2,-4.8
477,20230801,281,129,92,123.9,-5.1
478,20230801,47,157,118,137.6,-19.4
479,20230801,170,166,180,139.8,-26.2
480,20230801,333,153,135,135.9,-17.1
481,20230901,5,136,157,125.9,-10.1
482,20230901,131,106,126,132.5,26.5
483,20230901,582,172,167,148.6,-23.4
484,20230901,186,119,88,132.2,13.2
485,20230901,562,128,118,131.7,3.7
486,20230901,511,129,155,132.2,3.2
487,20230901,472,133,110,121.4,-11.6
488,20230901,495,128,154,143.0,15.0
489,20230901,438,160,124,142.4,-17.6
490,20230901,708,127,122,134.8,7.8
491,20230901,691,154,181,138.9,-15.1
492,20230901,416,111,136,132.8,21.8
493,20230901,613,151,118,126.0,-25.0
494,20230901,340,139,157,133.4,-5.6
495,20230901,673,167,200,144.3,-22.7
496,20230901,427,145,130,124.4,-20.6
497,20230901,799,116,143,134.1,18.1
498,20230901,608,122,109,138.7,16.7
499,20230901,168,151,173,132.9,-18.1
500,20230901,642,133,154,134.6,1.6
501,20230901,396,102,109,129.6,27.6
502,20230901,422,136,139,122.7,-13.3
503,20230901,745,125,100,117.8,-7.2
504,20230901,372,149,158,133.5,-15.5
505,20230901,551,183,167,135.0,-48.0
506,20230901,206,139,153,129.2,-9.8
507,20230901,729,122,155,145.1,23.1
508,20230901,769,132,121,131.9,-0.1
509,20230901,480,117,151,146.0,29.0
510,20230901,201,136,145,138.2,2.2
511,20230901,534,116,103,122.1,6.1
512,20230901,456,166,131,135.8,-30.2
513,20230901,373,153,171,133.0,-20.0
514,20230901,752,125,157,132.2,7.2
515,20230901,601,127,136,136.3,9.3
516,20230901,571,150,111,129.1,-20.9
517,20230901,718,151,193,150.4,-0.6
518,20230901,75,134,147,128.3,-5.7
519,20230901,19,113,120,144.1,31.1
520,20230901,90,141,156,140.2,-0.8
521,20230901,648,108,86,120.0,12.0
522,20230901,603,136,98,134.1,-1.9
523,20230901,564,157,198,134.3,-22.7
524,20230901,628,130,97,135.1,5.1
525,20230901,491,124,110,126.6,2.6
526,20230901,363,158,121,134.7,-23.3
527,20230901,619,152,189,138.0,-14.0
528,20230901,738,120,122,131.3,11.3
529,20230901,329,148,144,125.4,-22.6
530,20230901,485,151,171,137.8,-13.2
531,20230901,191,116,96,125.9,9.9
532,20230901,583,130,96,128.0,-2.0
533,20230901,715,118,134,136.3,18.3
534,20230901,766,160,134,143.2,-16.8
535,20230901,647,134,137,132.4,-1.6
536,20230901,16,156,128,139.8,-16.2
537,20230901,115,116,104,130.6,14.6
538,20230901,274,145,183,137.1,-7.9
539,20230901,280,136,168,123.0,-13.0
540,20230901,739,145,187,133.2,-11.8
541,20231001,630,141,177,137.6,-3.4
542,20231001,285,144,125,145.4,1.4
543,20231001,175,91,100,128.6,37.6
544,20231001,431,153,154,136.8,-16.2
545,20231001,560,119,147,137.1,18.1
546,20231001,761,104,77,128.3,24.3
547,20231001,612,123,124,125.7,2.7
548,20231001,330,150,156,129.7,-20.3
549,20231001,516,126,145,133.6,7.6
550,20231001,448,137,111,127.3,-9.7
551,20231001,130,114,82,109.6,-4.4
552,20231001,76,137,171,138.3,1.3
553,20231001,10,128,123,125.9,-2.1
554,20231001,707,137,166,135.5,-1.5
555,20231001,764,166,197,141.9,-24.1
556,20231001,349,155,188,132.2,-22.8
557,20231001,538,133,171,135.4,2.4
558,20231001,270,131,111,128.8,-2.2
559,20231001,433,144,123,136.5,-7.5
560,20231001,500,147,126,122.8,-24.2
561,20231001,64,128,92,133.6,5.6
562,20231001,561,137,112,134.0,-3.0
563,20231001,600,138,178,154.9,16.9
564,20231001,622,111,124,134.1,23.1
565,20231001,647,113,143,132.0,19.0
566,20231001,472,130,143,121.8,-8.2
567,20231001,790,148,132,131.7,-16.3
568,20231001,773,111,139,125.5,14.5
569,20231001,457,131,112,137.0,6.0
570,20231001,51,138,179,137.5,-0.5
571,20231001,390,140,132,127.7,-12.3
572,20231001,627,167,138,130.8,-36.2
573,20231001,120,129,131,127.9,-1.1
574,20231001,638,152,117,135.5,-16.5
575,20231001,598,118,94,123.7,5.7
576,20231001,740,125,110,131.1,6.1
577,20231001,25,120,136,130.2,10.2
578,20231001,201,128,97,138.5,10.5
579,20231001,700,157,166,136.1,-20.9
580,20231001,392,166,140,134.0,-32.0
581,20231001,145,154,195,139.3,-14.7
582,20231001,264,129,93,140.0,11.0
583,20231001,525,114,140,121.6,7.6
584,20231001,374,138,146,153.1,15.1
585,20231001,710,111,102,122.5,11.5
586,20231001,279,132,101,129.1,-2.9
587,20231001,545,123,135,143.5,20.5
588,20231001,338,118,103,132.3,14.3
589,20231001,197,139,120,127.5,-11.5
590,20231001,177,144,118,129.2,-14.8
591,20231001,109,106,81,119.7,13.7
592,20231001,281,123,102,122.5,-0.5
593,20231001,361,128,110,135.6,7.6
594,20231001,54,173,211,144.7,-28.3
595,20231001,484,142,149,133.6,-8.4
596,20231001,191,156,189,124.4,-31.6
597,20231001,61,125,123,140.3,15.3
598,20231001,648,96,87,120.3,24.3
599,20231001,326,172,144,148.9,-23.1
600,20231001,21,133,107,134.4,1.4
601,20231101,166,119,97,131.0,12.0
602,20231101,128,136,109,166.7,30.7
603,20231101,413,162,160,136.4,-25.6
604,20231101,654,126,88,129.2,3.2
605,20231101,711,151,174,134.8,-16.2
606,20231101,123,136,139,135.4,-0.6
607,20231101,246,107,92,127.2,20.2
608,20231101,637,152,172,133.6,-18.4
609,20231101,716,124,148,132.8,8.8
610,20231101,672,152,166,134.9,-17.1
611,20231101,150,106,122,128.9,22.9
612,20231101,572,136,103,135.2,-0.8
613,20231101,504,137,143,135.9,-1.1
614,20231101,269,103,106,148.7,45.7
615,20231101,354,94,103,134.6,40.6
616,20231101,590,133,149,142.2,9.2
617,20231101,730,167,122,134.8,-32.2
618,20231101,699,110,129,133.3,23.3
619,20231101,263,107,79,129.8,22.8
620,20231101,288,127,146,121.7,-5.3
621,20231101,230,146,109,122.5,-23.5
622,20231101,440,126,89,135.0,9.0
623,20231101,744,155,115,133.2,-21.8
624,20231101,46,149,118,132.2,-16.8
625,20231101,35,179,200,148.9,-30.1
626,20231101,203,183,221,158.3,-24.7
627,20231101,359,112,106,134.8,22.8
628,20231101,605,145,183,138.5,-6.5
629,20231101,480,112,122,146.5,34.5
630,20231101,624,147,184,147.8,0.8
631,20231101,537,127,160,135.5,8.5
632,20231101,234,132,105,126.1,-5.9
633,20231101,636,132,170,129.5,-2.5
634,20231101,133,102,122,133.5,31.5
635,20231101,800,179,140,140.2,-38.8
636,20231101,761,170,123,134.8,-35.2
637,20231101,89,118,146,129.8,11.8
638,20231101,280,127,121,123.3,-3.7
639,20231101,435,111,114,132.1,21.1
640,20231101,291,159,157,133.0,-26.0
641,20231101,312,126,162,134.3,8.3
642,20231101,456,131,143,135.8,4.8
643,20231101,563,115,88,115.7,0.7
644,20231101,122,121,146,130.9,9.9
645,20231101,733,119,87,131.4,12.4
646,20231101,61,134,155,146.8,12.8
647,20231101,509,165,140,134.1,-30.9
648,20231101,401,130,116,130.0,0.0
649,20231101,340,109,104,133.4,24.4
650,20231101,569,131,97,145.2,14.2
651,20231101,278,116,107,130.1,14.1
652,20231101,146,129,136,130.2,1.2
653,20231101,383,109,118,135.0,26.0
654,20231101,350,168,132,136.8,-31.2
655,20231101,745,126,138,117.8,-8.2
656,20231101,151,150,193,170.1,20.1
657,20231101,658,136,156,143.2,7.2
658,20231101,404,168,135,138.3,-29.7
659,20231101,363,147,177,135.0,-12.0
660,20231101,384,116,92,135.0,19.0
661,20231201,257,152,195,142.1,-9.9
662,20231201,386,184,203,134.7,-49.3
663,20231201,91,142,166,128.7,-13.3
664,20231201,366,138,125,120.1,-17.9
665,20231201,243,129,122,138.3,9.3
666,20231201,417,138,105,128.1,-9.9
667,20231201,639,153,171,139.5,-13.5
668,20231201,92,112,127,135.4,23.4
669,20231201,486,111,143,143.3,32.3
670,20231201,792,125,89,138.3,13.3
671,20231201,385,128,135,137.9,9.9
672,20231201,507,122,95,122.4,0.4
673,20231201,752,121,136,135.8,14.8
674,20231201,695,148,150,134.5,-13.5
675,20231201,119,156,112,143.0,-13.0
676,20231201,344,161,203,162.3,1.3
677,20231201,528,159,202,144.9,-14.1
678,20231201,374,179,217,194.5,15.5
679,20231201,48,135,97,145.3,10.3
680,20231201,690,158,148,140.2,-17.8
681,20231201,774,148,165,141.0,-7.0
682,20231201,658,136,131,145.1,9.1
683,20231201,82,96,83,121.0,25.0
684,20231201,505,148,176,136.2,-11.8
685,20231201,155,128,93,122.2,-5.8
686,20231201,347,129,110,127.8,-1.2
687,20231201,470,108,88,135.5,27.5
688,20231201,361,147,165,141.6,-5.4
689,20231201,339,164,148,139.8,-24.2
690,20231201,728,146,188,147.7,1.7
691,20231201,194,131,131,139.8,8.8
692,20231201,176,124,126,139.8,15.8
693,20231201,556,160,176,143.2,-16.8
694,20231201,761,177,159,125.4,-51.6
695,20231201,229,114,110,124.7,10.7
696,20231201,348,140,176,142.6,2.6
697,20231201,25,148,105,132.8,-15.2
698,20231201,247,111,106,126.2,15.2
699,20231201,498,112,112,130.9,18.9
700,20231201,423,146,171,142.0,-4.0
701,20231201,161,120,118,133.3,13.3
702,20231201,521,128,90,126.3,-1.7
703,20231201,573,118,129,142.8,24.8
704,20231201,511,128,143,135.8,7.8
705,20231201,295,144,152,145.2,1.2
706,20231201,19,170,198,143.2,-26.8
707,20231201,502,138,159,147.6,9.6
708,20231201,327,126,158,127.1,1.1
709,20231201,250,126,92,128.5,2.5
710,20231201,773,115,122,127.4,12.4
711,20231201,341,114,95,126.6,12.6
712,20231201,181,153,138,138.6,-14.4
713,20231201,414,158,176,131.9,-26.1
714,20231201,610,138,150,140.5,2.5
715,20231201,220,141,168,131.2,-9.8
716,20231201,270,128,134,134.4,6.4
717,20231201,353,155,165,136.2,-18.8
718,20231201,24,158,141,140.4,-17.6
719,20231201,488,128,149,138.0,10.0
720,20231201,205,159,113,136.0,-23.0
721,20240101,166,119,108,128.8,9.8
722,20240101,128,135,173,160.8,25.8
723,20240101,413,134,146,136.1,2.1
724,20240101,654,139,102,130.0,-9.0
725,20240101,711,126,130,135.7,9.7
726,20240101,123,176,132,133.7,-42.3
727,20240101,246,124,123,128.5,4.5
728,20240101,637,155,144,133.5,-21.5
729,20240101,716,156,136,131.7,-24.3
730,20240101,672,147,129,133.9,-13.1
731,20240101,150,127,111,129.5,2.5
732,20240101,572,130,105,134.0,4.0
733,20240101,504,130,152,130.2,0.2
734,20240101,269,143,128,136.9,-6.1
735,20240101,354,138,172,139.0,1.0
736,20240101,590,130,106,145.7,15.7
737,20240101,730,143,101,118.7,-24.3
738,20240101,699,141,143,137.5,-3.5
739,20240101,263,111,102,127.9,16.9
740,20240101,288,114,92,104.0,-10.0
741,20240101,230,153,133,128.4,-24.6
742,20240101,440,134,144,135.7,1.7
743,20240101,744,138,109,133.2,-4.8
744,20240101,46,162,183,133.9,-28.1
745,20240101,35,130,136,136.7,6.7
746,20240101,203,121,134,138.3,17.3
747,20240101,359,133,132,133.1,0.1
748,20240101,605,115,93,137.7,22.7
749,20240101,480,102,115,127.8,25.8
750,20240101,624,118,104,141.8,23.8
751,20240101,537,149,105,134.9,-14.1
752,20240101,234,129,109,130.0,1.0
753,20240101,636,107,76,122.9,15.9
754,20240101,133,133,145,133.5,0.5
755,20240101,800,163,184,154.6,-8.4
756,20240101,761,106,79,139.2,33.2
757,20240101,89,120,149,126.5,6.5
758,20240101,280,110,135,129.2,19.2
759,20240101,435,103,120,131.6,28.6
760,20240101,291,133,119,135.5,2.5
761,20240101,312,162,200,136.1,-25.9
762,20240101,456,150,122,142.0,-8.0
763,20240101,563,128,107,122.4,-5.6
764,20240101,122,135,161,138.7,3.7
765,20240101,733,138,157,137.3,-0.7
766,20240101,61,150,185,138.5,-11.5
767,20240101,509,101,117,134.7,33.7
768,20240101,401,130,145,130.4,0.4
769,20240101,340,148,150,136.2,-11.8
770,20240101,569,106,113,137.1,31.1
771,20240101,278,128,152,134.2,6.2
772,20240101,146,149,135,130.4,-18.6
773,20240101,383,128,119,141.8,13.8
774,20240101,350,135,100,144.6,9.6
775,20240101,745,124,107,119.4,-4.6
776,20240101,151,167,151,131.1,-35.9
777,20240101,658,122,150,139.9,17.9
778,20240101,404,134,126,138.9,4.9
779,20240101,363,116,101,135.7,19.7
780,20240101,384,120,142,141.8,21.8
781,20240201,257,124,145,148.3,24.3
782,20240201,386,162,145,129.2,-32.8
783,20240201,91,142,138,127.2,-14.8
784,20240201,366,131,112,134.1,3.1
785,20240201,243,134,130,130.1,-3.9
786,20240201,417,113,93,125.9,12.9
787,20240201,639,186,197,142.1,-43.9
788,20240201,92,145,172,136.7,-8.3
789,20240201,486,158,197,141.9,-16.1
790,20240201,792,146,180,133.0,-13.0
791,20240201,385,179,205,135.9,-43.1
792,20240201,507,164,134,125.7,-38.3
793,20240201,752,124,145,134.3,10.3
794,20240201,695,113,111,133.7,20.7
795,20240201,119,148,117,135.4,-12.6
796,20240201,344,130,159,145.7,15.7
797,20240201,528,121,126,130.5,9.5
798,20240201,374,171,198,155.1,-15.9
799,20240201,48,164,133,142.6,-21.4
800,20240201,690,131,97,138.1,7.1
801,20240201,774,132,152,135.6,3.6
802,20240201,658,132,105,142.0,10.0
803,20240201,82,116,97,133.7,17.7
804,20240201,505,168,126,130.3,-37.7
805,20240201,155,136,123,122.7,-13.3
806,20240201,347,129,152,129.2,0.2
807,20240201,470,145,183,145.5,0.5
808,20240201,361,120,102,138.0,18.0
809,20240201,339,135,134,135.8,0.8
810,20240201,728,125,125,138.5,13.5
811,20240201,194,151,137,140.2,-10.8
812,20240201,176,149,166,137.8,-11.2
813,20240201,556,151,107,133.1,-17.9
814,20240201,761,124,104,134.3,10.3
815,20240201,229,122,97,125.5,3.5
816,20240201,348,139,171,141.9,2.9
817,20240201,25,114,82,130.1,16.1
818,20240201,247,141,182,126.8,-14.2
819,20240201,498,157,173,131.9,-25.1
820,20240201,423,135,96,136.6,1.6
821,20240201,161,120,86,130.5,10.5
822,20240201,521,105,105,129.1,24.1
823,20240201,573,141,144,135.8,-5.2
824,20240201,511,125,156,136.0,11.0
825,20240201,295,168,158,154.0,-14.0
826,20240201,19,136,120,122.3,-13.7
827,20240201,502,103,122,130.9,27.9
828,20240201,327,117,112,120.3,3.3
829,20240201,250,151,150,129.8,-21.2
830,20240201,773,122,116,133.4,11.4
831,20240201,341,139,154,127.9,-11.1
832,20240201,181,110,116,126.0,16.0
833,20240201,414,151,149,133.1,-17.9
834,20240201,610,183,235,135.0,-48.0
835,20240201,220,139,123,129.4,-9.6
836,20240201,270,133,107,127.7,-5.3
837,20240201,353,143,118,132.3,-10.7
838,20240201,24,126,126,137.9,11.9
839,20240201,488,138,153,136.2,-1.8
840,20240201,205,119,132,133.9,14.9
841,20240301,537,134,117,134.1,0.1
842,20240301,387,152,186,136.5,-15.5
843,20240301,290,128,163,142.4,14.4
844,20240301,263,158,130,127.1,-30.9
845,20240301,83,136,102,129.4,-6.6
846,20240301,408,119,89,130.3,11.3
847,20240301,656,149,125,131.9,-17.1
848,20240301,466,140,117,126.9,-13.1
849,20240301,721,109,124,136.8,27.8
850,20240301,341,149,131,126.9,-22.1
851,20240301,250,141,107,128.5,-12.5
852,20240301,331,127,147,130.4,3.4
853,20240301,731,174,214,157.2,-16.8
854,20240301,79,163,175,138.0,-25.0
855,20240301,386,149,151,127.8,-21.2
856,20240301,450,162,124,131.1,-30.9
857,20240301,351,95,85,140.4,45.4
858,20240301,344,114,134,144.6,30.6
859,20240301,752,114,135,133.3,19.3
860,20240301,472,138,159,125.2,-12.8
861,20240301,599,127,140,134.2,7.2
862,20240301,598,135,126,124.6,-10.4
863,20240301,603,123,112,129.8,6.8
864,20240301,730,155,180,137.0,-18.0
865,20240301,146,124,145,129.0,5.0
866,20240301,78,156,184,132.0,-24.0
867,20240301,52,152,186,145.6,-6.4
868,20240301,498,150,179,129.3,-20.7
869,20240301,608,148,161,137.2,-10.8
870,20240301,515,165,139,131.6,-33.4
871,20240301,615,153,145,133.5,-19.5
872,20240301,154,119,153,137.0,18.0
873,20240301,63,119,117,135.6,16.6
874,20240301,206,127,140,130.6,3.6
875,20240301,359,112,139,131.7,19.7
876,20240301,783,120,127,133.3,13.3
877,20240301,305,165,134,130.6,-34.4
878,20240301,173,138,168,136.3,-1.7
879,20240301,190,112,90,126.9,14.9
880,20240301,712,168,165,132.6,-35.4
881,20240301,604,135,152,138.3,3.3
882,20240301,166,151,129,127.7,-23.3
883,20240301,40,134,170,131.9,-2.1
884,20240301,370,133,146,128.8,-4.2
885,20240301,108,120,150,135.8,15.8
886,20240301,277,150,130,122.5,-27.5
887,20240301,756,128,155,136.9,8.9
888,20240301,120,153,133,129.6,-23.4
889,20240301,746,132,159,143.0,11.0
890,20240301,155,139,134,121.3,-17.7
891,20240301,266,160,137,139.2,-20.8
892,20240301,270,129,97,126.3,-2.7
893,20240301,436,131,140,133.2,2.2
894,20240301,92,137,144,135.3,-1.7
895,20240301,82,149,130,127.0,-22.0
896,20240301,175,121,139,128.7,7.7
897,20240301,393,130,128,138.8,8.8
898,20240301,22,129,104,125.2,-3.8
899,20240301,580,146,139,131.3,-14.7
900,20240301,508,92,70,109.2,17.2
901,20240401,751,125,116,138.0,13.0
902,20240401,789,110,134,128.5,18.5
903,20240401,427,100,101,120.6,20.6
904,20240401,239,151,132,135.7,-15.3
905,20240401,428,118,113,127.1,9.1
906,20240401,310,132,158,139.6,7.6
907,20240401,69,112,103,135.1,23.1
908,20240401,245,176,146,133.5,-42.5
909,20240401,543,144,153,135.4,-8.6
910,20240401,19,154,193,144.4,-9.6
911,20240401,30,125,119,129.2,4.2
912,20240401,483,159,125,128.0,-31.0
913,20240401,589,152,153,137.2,-14.8
914,20240401,96,154,165,151.7,-2.3
915,20240401,485,99,120,137.8,38.8
916,20240401,601,126,136,139.2,13.2
917,20240401,507,126,135,127.3,1.3
918,20240401,304,172,215,151.3,-20.7
919,20240401,414,145,103,132.4,-12.6
920,20240401,440,106,105,136.7,30.7
921,20240401,159,156,119,136.5,-19.5
922,20240401,101,127,112,129.9,2.9
923,20240401,255,139,99,127.1,-11.9
924,20240401,190,128,140,129.0,1.0
925,20240401,521,131,163,129.1,-1.9
926,20240401,691,176,186,147.8,-28.2
927,20240401,277,109,118,123.9,14.9
928,20240401,642,150,163,134.9,-15.1
929,20240401,31,118,145,133.7,15.7
930,20240401,439,155,192,147.2,-7.8
931,20240401,449,112,142,171.4,59.4
932,20240401,610,127,163,135.8,8.8
933,20240401,636,157,159,127.5,-29.5
934,20240401,778,131,105,131.9,0.9
935,20240401,57,116,150,132.7,16.7
936,20240401,608,161,146,139.0,-22.0
937,20240401,491,155,108,128.4,-26.6
938,20240401,649,165,177,128.2,-36.8
939,20240401,53,129,141,131.4,2.4
940,20240401,154,171,194,141.0,-30.0
941,20240401,785,144,139,132.3,-11.7
942,20240401,638,167,137,135.2,-31.8
943,20240401,713,117,84,129.0,12.0
944,20240401,352,143,166,132.3,-10.7
945,20240401,753,137,124,132.1,-4.9
946,20240401,133,114,82,134.0,20.0
947,20240401,325,113,142,143.3,30.3
948,20240401,12,138,109,132.7,-5.3
949,20240401,145,134,137,133.4,-0.6
950,20240401,532,132,146,135.0,3.0
951,20240401,388,135,169,146.3,11.3
952,20240401,8,111,96,129.8,18.8
953,20240401,22,120,122,127.0,7.0
954,20240401,754,144,171,153.1,9.1
955,20240401,579,131,126,140.6,9.6
956,20240401,582,153,175,150.6,-2.4
957,20240401,178,115,108,136.7,21.7
958,20240401,497,169,150,132.2,-36.8
959,20240401,150,167,144,130.5,-36.5
960,20240401,477,105,126,134.5,29.5
961,20240501,158,132,127,126.6,-5.4
962,20240501,117,128,153,139.2,11.2
963,20240501,420,139,110,145.1,6.1
964,20240501,399,123,88,140.5,17.5
965,20240501,301,102,98,133.0,31.0
966,20240501,764,130,111,145.3,15.3
967,20240501,594,126,143,135.7,9.7
968,20240501,46,126,144,133.1,7.1
969,20240501,431,124,97,137.2,13.2
970,20240501,94,167,196,138.2,-28.8
971,20240501,534,113,121,124.4,11.4
972,20240501,292,156,117,127.0,-29.0
973,20240501,216,140,144,131.8,-8.2
974,20240501,297,138,157,132.0,-6.0
975,20240501,769,152,136,132.8,-19.2
976,20240501,192,113,118,135.2,22.2
977,20240501,459,150,146,144.8,-5.2
978,20240501,256,165,124,143.2,-21.8
979,20240501,359,144,155,133.5,-10.5
980,20240501,438,133,110,151.2,18.2
981,20240501,421,152,137,126.7,-25.3
982,20240501,361,105,76,138.1,33.1
983,20240501,295,135,170,151.5,16.5
984,20240501,364,149,179,155.0,6.0
985,20240501,257,136,131,145.6,9.6
986,20240501,97,169,200,152.0,-17.0
987,20240501,11,125,110,147.9,22.9
988,20240501,238,118,149,129.7,11.7
989,20240501,423,131,150,137.4,6.4
990,20240501,561,134,119,135.9,1.9
991,20240501,502,148,105,133.6,-14.4
992,20240501,414,166,144,132.4,-33.6
993,20240501,799,121,152,137.3,16.3
994,20240501,251,160,137,142.5,-17.5
995,20240501,22,136,176,127.0,-9.0
996,20240501,463,109,84,127.0,18.0
997,20240501,528,142,118,134.8,-7.2
998,20240501,356,101,107,143.7,42.7
999,20240501,8,155,132,129.8,-25.2
1000,20240501,67,135,129,116.0,-19.0
1001,20240501,215,152,171,141.0,-11.0
1002,20240501,629,136,126,128.8,-7.2
1003,20240501,707,106,94,131.9,25.9
1004,20240501,728,121,99,138.3,17.3
1005,20240501,398,144,109,139.5,-4.5
1006,20240501,689,128,136,132.7,4.7
1007,20240501,477,128,93,134.5,6.5
1008,20240501,170,119,121,140.5,21.5
1009,20240501,303,113,83,137.1,24.1
1010,20240501,531,130,140,139.4,9.4
1011,20240501,266,129,99,130.6,1.6
1012,20240501,619,114,99,139.0,25.0
1013,20240501,355,117,105,136.4,19.4
1014,20240501,607,135,103,117.7,-17.3
1015,20240501,485,175,196,137.8,-37.2
1016,20240501,180,108,79,119.4,11.4
1017,20240501,262,139,143,133.3,-5.7
1018,20240501,760,144,107,123.7,-20.3
1019,20240501,107,119,141,132.8,13.8
1020,20240501,648,123,109,127.4,4.4
1021,20240601,108,172,174,138.4,-33.6
1022,20240601,712,131,155,132.9,1.9
1023,20240601,355,152,180,136.6,-15.4
1024,20240601,598,177,220,126.9,-50.1
1025,20240601,198,138,139,141.9,3.9
1026,20240601,405,156,150,130.6,-25.4
1027,20240601,504,101,116,132.6,31.6
1028,20240601,670,163,117,146.0,-17.0
1029,20240601,523,170,168,139.5,-30.5
1030,20240601,787,139,148,132.7,-6.3
1031,20240601,663,132,162,129.3,-2.7
1032,20240601,444,132,113,128.2,-3.8
1033,20240601,357,103,126,115.2,12.2
1034,20240601,727,136,172,129.7,-6.3
1035,20240601,10,162,183,127.0,-35.0
1036,20240601,668,131,165,136.5,5.5
1037,20240601,578,139,106,129.0,-10.0
1038,20240601,138,129,118,128.1,-0.9
1039,20240601,542,136,101,127.0,-9.0
1040,20240601,159,118,128,136.5,18.5
1041,20240601,409,142,152,138.9,-3.1
1042,20240601,186,133,122,133.8,0.8
1043,20240601,534,111,107,124.7,13.7
1044,20240601,512,166,188,147.5,-18.5
1045,20240601,587,95,71,126.4,31.4
1046,20240601,723,127,112,133.7,6.7
1047,20240601,363,150,192,136.7,-13.3
1048,20240601,93,156,149,143.1,-12.9
1049,20240601,312,166,168,137.8,-28.2
1050,20240601,106,116,135,132.6,16.6
1051,20240601,425,124,118,135.9,11.9
1052,20240601,655,125,97,135.8,10.8
1053,20240601,167,98,111,136.7,38.7
1054,20240601,252,151,191,134.1,-16.9
1055,20240601,163,153,125,137.0,-16.0
1056,20240601,373,146,186,132.9,-13.1
1057,20240601,427,107,114,120.2,13.2
1058,20240601,89,113,100,130.5,17.5
1059,20240601,397,117,93,134.3,17.3
1060,20240601,562,147,145,131.7,-15.3
1061,20240601,582,135,143,150.2,15.2
1062,20240601,735,157,158,136.7,-20.3
1063,20240601,653,142,176,149.0,7.0
1064,20240601,121,128,141,138.5,10.5
1065,20240601,647,119,133,133.4,14.4
1066,20240601,276,142,154,149.1,7.1
1067,20240601,229,119,100,125.1,6.1
1068,20240601,489,108,137,128.8,20.8
1069,20240601,630,131,119,134.5,3.5
1070,20240601,691,124,142,140.5,16.5
1071,20240601,172,113,110,147.0,34.0
1072,20240601,568,163,119,129.0,-34.0
1073,20240601,311,147,131,131.6,-15.4
1074,20240601,118,142,118,128.5,-13.5
1075,20240601,774,171,200,139.0,-32.0
1076,20240601,31,123,146,133.3,10.3
1077,20240601,323,128,142,137.9,9.9
1078,20240601,193,109,81,124.7,15.7
1079,20240601,319,141,108,129.2,-11.8
1080,20240601,129,139,106,128.2,-10.8
1081,20240701,562,123,104,130.6,7.6
1082,20240701,552,126,137,139.4,13.4
1083,20240701,443,185,238,177.4,-7.6
1084,20240701,283,135,98,127.6,-7.4
1085,20240701,355,133,152,137.1,4.1
1086,20240701,742,127,119,133.0,6.0
1087,20240701,439,144,151,146.7,2.7
1088,20240701,756,116,94,136.5,20.5
1089,20240701,46,157,167,132.6,-24.4
1090,20240701,353,94,82,134.4,40.4
1091,20240701,565,161,131,129.8,-31.2
1092,20240701,244,142,127,137.8,-4.2
1093,20240701,234,135,151,127.5,-7.5
1094,20240701,262,134,100,133.3,-0.7
1095,20240701,201,140,173,139.7,-0.3
1096,20240701,242,151,154,133.7,-17.3
1097,20240701,399,131,115,137.8,6.8
1098,20240701,325,153,198,135.9,-17.1
1099,20240701,291,134,102,135.2,1.2
1100,20240701,653,129,157,149.0,20.0
1101,20240701,50,114,84,138.9,24.9
1102,20240701,307,123,157,138.9,15.9
1103,20240701,476,155,122,133.4,-21.6
1104,20240701,594,115,111,134.6,19.6
1105,20240701,574,137,127,127.1,-9.9
1106,20240701,206,152,152,130.3,-21.7
1107,20240701,203,135,155,143.3,8.3
1108,20240701,530,114,111,130.2,16.2
1109,20240701,37,133,99,132.3,-0.7
1110,20240701,738,125,107,131.3,6.3
1111,20240701,170,143,174,140.2,-2.8
1112,20240701,600,129,120,145.2,16.2
1113,20240701,433,147,134,140.8,-6.2
1114,20240701,777,137,128,125.6,-11.4
1115,20240701,315,153,114,132.1,-20.9
1116,20240701,59,148,172,141.1,-6.9
1117,20240701,339,112,120,134.6,22.6
1118,20240701,186,136,152,133.8,-2.2
1119,20240701,514,130,138,126.6,-3.4
1120,20240701,614,133,169,138.9,5.9
1121,20240701,327,128,117,118.5,-9.5
1122,20240701,329,127,128,127.4,0.4
1123,20240701,228,138,129,136.1,-1.9
1124,20240701,13,123,109,147.7,24.7
1125,20240701,284,142,107,133.4,-8.6
1126,20240701,75,136,167,131.4,-4.6
1127,20240701,275,148,119,126.4,-21.6
1128,20240701,710,143,110,124.7,-18.3
1129,20240701,668,120,122,136.7,16.7
1130,20240701,82,116,81,120.5,4.5
1131,20240701,142,138,118,127.4,-10.6
1132,20240701,341,160,112,126.6,-33.4
1133,20240701,100,154,170,140.8,-13.2
1134,20240701,642,120,126,133.5,13.5
1135,20240701,538,166,130,134.6,-31.4
1136,20240701,635,127,147,141.4,14.4
1137,20240701,309,150,111,125.5,-24.5
1138,20240701,549,131,102,125.4,-5.6
1139,20240701,424,170,212,135.3,-34.7
1140,20240701,649,146,134,126.7,-19.3
1141,20240801,134,149,132,129.9,-19.1
1142,20240801,352,134,121,132.0,-2.0
1143,20240801,80,149,131,137.0,-12.0
1144,20240801,718,110,142,150.2,40.2
1145,20240801,218,117,100,134.0,17.0
1146,20240801,59,130,131,141.1,11.1
1147,20240801,436,150,175,136.9,-13.1
1148,20240801,254,130,153,139.4,9.4
1149,20240801,785,119,88,132.0,13.0
1150,20240801,280,105,101,126.1,21.1
1151,20240801,304,139,156,151.3,12.3
1152,20240801,424,103,102,136.0,33.0
1153,20240801,382,110,84,130.6,20.6
1154,20240801,269,132,167,139.9,7.9
1155,20240801,205,127,130,133.9,6.9
1156,20240801,403,156,148,141.7,-14.3
1157,20240801,133,166,155,132.8,-33.2
1158,20240801,700,150,112,137.7,-12.3
1159,20240801,256,145,123,142.9,-2.1
1160,20240801,757,124,152,128.7,4.7
1161,20240801,242,138,168,134.4,-3.6
1162,20240801,621,95,98,127.2,32.2
1163,20240801,754,152,194,152.9,0.9
1164,20240801,355,152,164,137.7,-14.3
1165,20240801,556,125,111,131.3,6.3
1166,20240801,2,133,122,145.4,12.4
1167,20240801,71,128,128,134.1,6.1
1168,20240801,106,131,121,132.2,1.2
1169,20240801,377,139,154,133.0,-6.0
1170,20240801,42,136,169,144.1,8.1
1171,20240801,444,124,150,128.2,4.2
1172,20240801,696,120,136,132.7,12.7
1173,20240801,34,140,161,143.4,3.4
1174,20240801,633,121,108,158.0,37.0
1175,20240801,593,127,117,122.7,-4.3
1176,20240801,137,147,148,139.5,-7.5
1177,20240801,566,142,148,130.0,-12.0
1178,20240801,759,137,172,132.9,-4.1
1179,20240801,289,120,154,142.4,22.4
1180,20240801,261,168,125,140.3,-27.7
1181,20240801,264,117,109,139.3,22.3
1182,20240801,798,139,179,136.1,-2.9
1183,20240801,161,144,171,133.5,-10.5
1184,20240801,198,133,135,141.4,8.4
1185,20240801,271,149,116,130.8,-18.2
1186,20240801,715,139,126,131.0,-8.0
1187,20240801,239,150,127,136.0,-14.0
1188,20240801,84,142,129,136.6,-5.4
1189,20240801,85,129,117,147.2,18.2
1190,20240801,361,163,134,137.2,-25.8
1191,20240801,417,119,111,126.7,7.7
1192,20240801,72,154,148,141.5,-12.5
1193,20240801,409,121,117,138.9,17.9
1194,20240801,416,105,92,133.0,28.0
1195,20240801,585,143,157,137.4,-5.6
1196,20240801,320,147,122,130.5,-16.5
1197,20240801,281,108,127,124.6,16.6
1198,20240801,47,143,130,137.4,-5.6
1199,20240801,170,143,110,141.1,-1.9
1200,20240801,333,118,129,137.4,19.4
1201,20240901,5,126,142,126.4,0.4
1202,20240901,131,126,154,133.5,7.5
1203,20240901,582,140,137,150.0,10.0
1204,20240901,186,133,166,133.8,0.8
1205,20240901,562,133,153,131.4,-1.6
1206,20240901,511,131,124,135.7,4.7
1207,20240901,472,129,108,123.0,-6.0
1208,20240901,495,141,182,140.9,-0.1
1209,20240901,438,175,204,142.2,-32.8
1210,20240901,708,142,104,136.4,-5.6
1211,20240901,691,121,111,140.5,19.5
1212,20240901,416,152,145,133.0,-19.0
1213,20240901,613,168,122,127.6,-40.4
1214,20240901,340,170,158,137.3,-32.7
1215,20240901,673,134,110,144.3,10.3
1216,20240901,427,94,76,113.5,19.5
1217,20240901,799,109,97,135.7,26.7
1218,20240901,608,142,133,138.5,-3.5
1219,20240901,168,138,124,132.7,-5.3
1220,20240901,642,127,101,134.4,7.4
1221,20240901,396,119,87,131.2,12.2
1222,20240901,422,135,100,124.3,-10.7
1223,20240901,745,98,120,119.4,21.4
1224,20240901,372,164,196,123.4,-40.6
1225,20240901,551,107,111,136.6,29.6
1226,20240901,206,127,107,130.8,3.8
1227,20240901,729,130,130,143.7,13.7
1228,20240901,769,142,141,132.1,-9.9
1229,20240901,480,126,159,145.5,19.5
1230,20240901,201,133,157,139.7,6.7
1231,20240901,534,136,154,125.7,-10.3
1232,20240901,456,141,133,137.4,-3.6
1233,20240901,373,151,151,132.8,-18.2
1234,20240901,752,140,123,133.7,-6.3
1235,20240901,601,111,79,134.6,23.6
1236,20240901,571,137,174,130.7,-6.3
1237,20240901,718,137,160,150.2,13.2
1238,20240901,75,137,123,131.9,-5.1
1239,20240901,19,159,200,144.8,-14.2
1240,20240901,90,184,222,141.8,-42.2
1241,20240901,648,128,100,121.5,-6.5
1242,20240901,603,105,87,133.5,28.5
1243,20240901,564,122,144,134.1,12.1
1244,20240901,628,135,170,136.9,1.9
1245,20240901,491,147,168,128.2,-18.8
1246,20240901,363,150,164,136.4,-13.6
1247,20240901,619,127,139,139.5,12.5
1248,20240901,738,152,175,132.8,-19.2
1249,20240901,329,114,97,127.0,13.0
1250,20240901,485,119,95,137.5,18.5
1251,20240901,191,157,164,125.4,-31.6
1252,20240901,583,117,123,127.8,10.8
1253,20240901,715,109,87,131.0,22.0
1254,20240901,766,112,134,144.7,32.7
1255,20240901,647,136,128,132.2,-3.8
1256,20240901,16,144,128,141.4,-2.6
1257,20240901,115,164,168,133.2,-30.8
1258,20240901,274,171,125,136.9,-34.1
1259,20240901,280,132,104,124.6,-7.4
1260,20240901,739,139,100,134.4,-4.6
1261,20241001,630,141,117,138.9,-2.1
1262,20241001,285,151,162,147.0,-4.0
1263,20241001,175,159,147,130.2,-28.8
1264,20241001,431,128,95,137.8,9.8
1265,20241001,560,126,116,136.9,10.9
1266,20241001,761,112,116,129.6,17.6
1267,20241001,612,121,120,125.4,4.4
1268,20241001,330,130,120,131.3,1.3
1269,20241001,516,137,127,135.2,-1.8
1270,20241001,448,149,152,131.0,-18.0
1271,20241001,130,116,123,121.0,5.0
1272,20241001,76,137,140,133.0,-4.0
1273,20241001,10,113,141,125.7,12.7
1274,20241001,707,132,162,131.8,-0.2
1275,20241001,764,119,83,136.7,17.7
1276,20241001,349,144,132,133.8,-10.2
1277,20241001,538,134,161,135.7,1.7
1278,20241001,270,138,145,130.4,-7.6
1279,20241001,433,146,128,138.0,-8.0
1280,20241001,500,127,100,122.4,-4.6
1281,20241001,64,151,121,129.9,-21.1
1282,20241001,561,109,104,135.6,26.6
1283,20241001,600,173,199,149.6,-23.4
1284,20241001,622,176,185,135.7,-40.3
1285,20241001,647,132,118,131.8,-0.2
1286,20241001,472,111,134,123.3,12.3
1287,20241001,790,127,132,133.5,6.5
1288,20241001,773,151,115,124.3,-26.7
1289,20241001,457,135,117,138.6,3.6
1290,20241001,51,141,100,139.1,-1.9
1291,20241001,390,126,94,127.5,1.5
1292,20241001,627,118,109,132.1,14.1
1293,20241001,120,105,78,129.5,24.5
1294,20241001,638,135,166,135.3,0.3
1295,20241001,598,114,127,127.3,13.3
1296,20241001,740,145,186,132.7,-12.3
1297,20241001,25,166,194,131.8,-34.2
1298,20241001,201,145,181,140.1,-4.9
1299,20241001,700,158,188,137.7,-20.3
1300,20241001,392,107,104,133.8,26.8
1301,20241001,145,157,187,140.8,-16.2
1302,20241001,264,143,169,141.0,-2.0
1303,20241001,525,131,156,123.0,-8.0
1304,20241001,374,117,104,152.7,35.7
1305,20241001,710,145,114,124.1,-20.9
1306,20241001,279,118,109,130.7,12.7
1307,20241001,545,174,187,143.2,-30.8
1308,20241001,338,135,150,133.9,-1.1
1309,20241001,197,120,124,127.3,7.3
1310,20241001,177,168,129,128.9,-39.1
1311,20241001,109,109,80,121.0,12.0
1312,20241001,281,139,102,123.2,-15.8
1313,20241001,361,127,136,137.2,10.2
1314,20241001,54,130,138,139.4,9.4
1315,20241001,484,131,106,132.8,1.8
1316,20241001,191,129,92,124.0,-5.0
1317,20241001,61,152,169,141.3,-10.7
1318,20241001,648,149,106,121.9,-27.1
1319,20241001,326,155,172,150.5,-4.5
1320,20241001,21,132,133,136.0,4.0
1321,20241101,166,143,123,132.1,-10.9
1322,20241101,128,123,155,161.0,38.0
1323,20241101,413,137,132,137.5,0.5
1324,20241101,654,140,99,130.2,-9.8
1325,20241101,711,148,129,135.9,-12.1
1326,20241101,123,121,138,136.4,15.4
1327,20241101,246,143,143,126.5,-16.5
1328,20241101,637,144,174,134.7,-9.3
1329,20241101,716,121,147,132.0,11.0
1330,20241101,672,139,129,132.8,-6.2
1331,20241101,150,126,123,129.9,3.9
1332,20241101,572,137,153,136.3,-0.7
1333,20241101,504,116,124,136.9,20.9
1334,20241101,269,138,152,147.7,9.7
1335,20241101,354,130,165,135.6,5.6
1336,20241101,590,154,197,141.5,-12.5
1337,20241101,730,128,140,134.1,6.1
1338,20241101,699,126,101,131.6,5.6
1339,20241101,263,158,128,124.0,-34.0
1340,20241101,288,134,113,120.9,-13.1
1341,20241101,230,153,122,123.6,-29.4
1342,20241101,440,156,169,136.3,-19.7
1343,20241101,744,101,77,134.3,33.3
1344,20241101,46,114,85,133.0,19.0
1345,20241101,35,142,173,148.0,6.0
1346,20241101,203,133,155,159.1,26.1
1347,20241101,359,153,147,129.0,-24.0
1348,20241101,605,139,162,137.7,-1.3
1349,20241101,480,168,188,145.4,-22.6
1350,20241101,624,141,109,146.9,5.9
1351,20241101,537,120,94,133.7,13.7
1352,20241101,234,160,119,127.1,-32.9
1353,20241101,636,160,145,130.5,-29.5
1354,20241101,133,160,157,131.8,-28.2
1355,20241101,800,125,156,141.2,16.2
1356,20241101,761,133,146,135.6,2.6
1357,20241101,89,152,110,130.8,-21.2
1358,20241101,280,126,94,124.4,-1.6
1359,20241101,435,137,147,133.2,-3.8
1360,20241101,291,147,105,134.0,-13.0
1361,20241101,312,128,100,135.3,7.3
1362,20241101,456,127,93,136.9,9.9
1363,20241101,563,133,98,116.7,-16.3
1364,20241101,122,132,168,132.0,-0.0
1365,20241101,733,116,87,130.7,14.7
1366,20241101,61,121,144,147.3,26.3
1367,20241101,509,136,104,135.1,-0.9
1368,20241101,401,131,96,131.1,0.1
1369,20241101,340,157,201,136.8,-20.2
1370,20241101,569,154,199,144.4,-9.6
1371,20241101,278,150,150,134.9,-15.1
1372,20241101,146,135,100,131.2,-3.8
1373,20241101,383,107,133,136.1,29.1
1374,20241101,350,142,134,136.0,-6.0
1375,20241101,745,114,88,118.9,4.9
1376,20241101,151,114,111,134.8,20.8
1377,20241101,658,110,133,144.3,34.3
1378,20241101,404,153,198,140.3,-12.7
1379,20241101,363,143,115,136.3,-6.7
1380,20241101,384,133,141,136.1,3.1
1381,20241201,257,134,142,142.1,8.1
1382,20241201,386,158,115,135.1,-22.9
1383,20241201,91,132,159,118.5,-13.5
1384,20241201,366,119,105,120.5,1.5
1385,20241201,243,122,92,138.7,16.7
1386,20241201,417,120,121,128.5,8.5
1387,20241201,639,138,104,140.0,2.0
1388,20241201,92,118,150,135.4,17.4
1389,20241201,486,127,109,143.7,16.7
1390,20241201,792,129,164,138.8,9.8
1391,20241201,385,141,143,138.3,-2.7
1392,20241201,507,128,157,122.9,-5.1
1393,20241201,752,143,146,136.2,-6.8
1394,20241201,695,125,119,134.9,9.9
1395,20241201,119,135,174,143.0,8.0
1396,20241201,344,146,156,148.7,2.7
1397,20241201,528,126,104,145.4,19.4
1398,20241201,374,184,226,194.5,10.5
1399,20241201,48,142,178,145.3,3.3
1400,20241201,690,128,113,140.6,12.6
1401,20241201,774,146,167,141.4,-4.6
1402,20241201,658,140,147,145.6,5.6
1403,20241201,82,131,109,121.0,-10.0
1404,20241201,505,136,98,136.6,0.6
1405,20241201,155,134,100,121.6,-12.4
1406,20241201,347,135,112,128.3,-6.7
1407,20241201,470,117,83,135.9,18.9
1408,20241201,361,127,163,142.0,15.0
1409,20241201,339,122,157,140.3,18.3
1410,20241201,728,102,98,135.6,33.6
1411,20241201,194,137,113,140.2,3.2
1412,20241201,176,135,121,139.8,4.8
1413,20241201,556,141,151,143.2,2.2
1414,20241201,761,126,92,125.8,-0.2
1415,20241201,229,141,168,124.7,-16.3
1416,20241201,348,139,101,143.1,4.1
1417,20241201,25,145,182,133.3,-11.7
1418,20241201,247,139,167,128.7,-10.3
1419,20241201,498,155,157,131.3,-23.7
1420,20241201,423,145,110,141.9,-3.1
1421,20241201,161,114,91,132.7,18.7
1422,20241201,521,141,126,126.3,-14.7
1423,20241201,573,159,160,143.2,-15.8
1424,20241201,511,141,106,138.2,-2.8
1425,20241201,295,139,168,145.7,6.7
1426,20241201,19,104,100,139.0,35.0
1427,20241201,502,116,107,147.6,31.6
1428,20241201,327,145,148,127.1,-17.9
1429,20241201,250,145,108,127.5,-17.5
1430,20241201,773,134,145,126.5,-7.5
1431,20241201,341,123,142,127.0,4.0
1432,20241201,181,135,125,139.0,4.0
1433,20241201,414,121,89,131.4,10.4
1434,20241201,610,161,124,140.5,-20.5
1435,20241201,220,122,153,131.6,9.6
1436,20241201,270,135,108,134.9,-0.1
1437,20241201,353,153,151,136.6,-16.4
1438,20241201,24,113,123,140.8,27.8
1439,20241201,488,166,164,138.4,-27.6
1440,20241201,205,156,193,136.4,-19.6
1441,20250101,166,116,140,138.5,22.5
1442,20250101,128,129,167,167.0,38.0
1443,20250101,413,148,143,142.3,-5.7
1444,20250101,654,158,147,139.7,-18.3
1445,20250101,711,148,154,141.0,-7.0
1446,20250101,123,153,170,139.9,-13.1
1447,20250101,246,146,147,137.5,-8.5
1448,20250101,637,131,133,138.9,7.9
1449,20250101,716,116,128,133.6,17.6
1450,20250101,672,124,119,139.3,15.3
1451,20250101,150,123,140,134.9,11.9
1452,20250101,572,146,114,139.4,-6.6
1453,20250101,504,106,90,137.1,31.1
1454,20250101,269,143,146,142.9,-0.1
1455,20250101,354,124,137,145.8,21.8
1456,20250101,590,123,153,151.0,28.0
1457,20250101,730,165,160,147.0,-18.0
1458,20250101,699,136,124,142.9,6.9
1459,20250101,263,137,157,131.9,-5.1
1460,20250101,288,115,88,129.4,14.4
1461,20250101,230,166,170,138.8,-27.2
1462,20250101,440,143,144,141.0,-2.0
1463,20250101,744,165,129,135.9,-29.1
1464,20250101,46,156,124,141.9,-14.1
1465,20250101,35,156,140,142.0,-14.0
1466,20250101,203,143,118,146.3,3.3
1467,20250101,359,137,165,137.1,0.1
1468,20250101,605,134,166,143.1,9.1
1469,20250101,480,105,117,124.0,19.0
1470,20250101,624,119,152,147.0,28.0
1471,20250101,537,135,107,140.2,5.2
1472,20250101,234,126,141,139.0,13.0
1473,20250101,636,131,157,129.1,-1.9
1474,20250101,133,186,154,138.9,-47.1
1475,20250101,800,160,171,156.8,-3.2
1476,20250101,761,141,130,151.2,10.2
1477,20250101,89,112,106,132.7,20.7
1478,20250101,280,133,170,139.6,6.6
1479,20250101,435,119,138,143.8,24.8
1480,20250101,291,154,186,145.2,-8.8
1481,20250101,312,129,151,144.2,15.2
1482,20250101,456,148,182,157.1,9.1
1483,20250101,563,134,133,129.3,-4.7
1484,20250101,122,171,170,146.9,-24.1
1485,20250101,733,161,179,146.3,-14.7
1486,20250101,61,133,111,134.2,1.2
1487,20250101,509,154,147,140.1,-13.9
1488,20250101,401,117,95,135.7,18.7
1489,20250101,340,131,170,145.1,14.1
1490,20250101,569,152,138,145.3,-6.7
1491,20250101,278,167,194,143.2,-23.8
1492,20250101,146,145,126,135.7,-9.3
1493,20250101,383,127,155,147.2,20.2
1494,20250101,350,139,177,147.0,8.0
1495,20250101,745,140,125,128.3,-11.7
1496,20250101,151,156,114,121.8,-34.2
1497,20250101,658,154,139,148.1,-5.9
1498,20250101,404,127,115,147.9,20.9
1499,20250101,363,116,142,141.0,25.0
1500,20250101,384,124,136,147.2,23.2
1501,20250201,257,171,198,148.1,-22.9
1502,20250201,386,136,125,132.9,-3.1
1503,20250201,91,161,135,133.4,-27.6
1504,20250201,366,147,186,143.7,-3.3
1505,20250201,243,147,158,134.6,-12.4
1506,20250201,417,112,98,132.4,20.4
1507,20250201,639,146,173,146.9,0.9
1508,20250201,92,157,124,142.0,-15.0
1509,20250201,486,120,89,147.5,27.5
1510,20250201,792,143,120,135.9,-7.1
1511,20250201,385,124,99,143.1,19.1
1512,20250201,507,122,108,133.0,11.0
1513,20250201,752,143,164,137.3,-5.7
1514,20250201,695,116,90,140.2,24.2
1515,20250201,119,143,152,138.5,-4.5
1516,20250201,344,137,145,149.5,12.5
1517,20250201,528,120,108,136.1,16.1
1518,20250201,374,122,129,150.9,28.9
1519,20250201,48,167,185,145.5,-21.5
1520,20250201,690,145,184,143.0,-2.0
1521,20250201,774,118,111,139.3,21.3
1522,20250201,658,134,118,147.8,13.8
1523,20250201,82,152,165,139.5,-12.5
1524,20250201,505,156,181,136.5,-19.5
1525,20250201,155,132,142,133.5,1.5
1526,20250201,347,147,119,133.7,-13.3
1527,20250201,470,155,195,145.4,-9.6
1528,20250201,361,163,199,151.0,-12.0
1529,20250201,339,126,92,135.7,9.7
1530,20250201,728,150,191,142.1,-7.9
1531,20250201,194,153,178,146.0,-7.0
1532,20250201,176,124,114,138.3,14.3
1533,20250201,556,115,119,138.6,23.6
1534,20250201,761,142,161,143.9,1.9
1535,20250201,229,122,120,135.5,13.5
1536,20250201,348,110,113,142.7,32.7
1537,20250201,25,116,141,134.6,18.6
1538,20250201,247,117,127,129.7,12.7
1539,20250201,498,139,167,138.4,-0.6
1540,20250201,423,140,123,141.2,1.2
1541,20250201,161,128,130,135.7,7.7
1542,20250201,521,125,150,135.6,10.6
1543,20250201,573,113,128,137.1,24.1
1544,20250201,511,131,164,138.9,7.9
1545,20250201,295,96,113,153.8,57.8
1546,20250201,19,117,85,146.0,29.0
1547,20250201,502,140,179,136.4,-3.6
1548,20250201,327,132,97,124.0,-8.0
1549,20250201,250,126,160,136.3,10.3
1550,20250201,773,145,156,136.3,-8.7
1551,20250201,341,152,116,132.4,-19.6
1552,20250201,181,121,121,131.6,10.6
1553,20250201,414,145,135,137.5,-7.5
1554,20250201,610,153,172,138.6,-14.4
1555,20250201,220,136,105,136.7,0.7
1556,20250201,270,139,160,131.4,-7.6
1557,20250201,353,128,91,139.5,11.5
1558,20250201,24,182,176,139.3,-42.7
1559,20250201,488,147,105,142.7,-4.3
1560,20250201,205,162,118,133.4,-28.6
1561,20250301,537,124,126,136.4,12.4
1562,20250301,387,140,101,139.7,-0.3
1563,20250301,290,135,169,148.4,13.4
1564,20250301,263,138,135,128.1,-9.9
1565,20250301,83,128,152,135.2,7.2
1566,20250301,408,119,151,128.8,9.8
1567,20250301,656,149,139,135.8,-13.2
1568,20250301,466,117,97,132.9,15.9
1569,20250301,721,119,134,138.1,19.1
1570,20250301,341,139,151,130.8,-8.2
1571,20250301,250,119,96,134.4,15.4
1572,20250301,331,141,148,139.6,-1.4
1573,20250301,731,124,92,146.8,22.8
1574,20250301,79,156,156,153.4,-2.6
1575,20250301,386,107,97,131.0,24.0
1576,20250301,450,117,112,135.3,18.3
1577,20250301,351,121,156,144.7,23.7
1578,20250301,344,158,171,147.9,-10.1
1579,20250301,752,119,137,135.7,16.7
1580,20250301,472,137,118,128.3,-8.7
1581,20250301,599,160,175,139.4,-20.6
1582,20250301,598,143,102,127.7,-15.3
1583,20250301,603,150,109,135.8,-14.2
1584,20250301,730,161,139,139.1,-21.9
1585,20250301,146,141,108,131.4,-9.6
1586,20250301,78,100,109,134.3,34.3
1587,20250301,52,128,90,134.9,6.9
1588,20250301,498,119,102,135.2,16.2
1589,20250301,608,132,154,135.7,3.7
1590,20250301,515,165,128,134.0,-31.0
1591,20250301,615,111,78,136.8,25.8
1592,20250301,154,160,155,143.0,-17.0
1593,20250301,63,113,102,138.0,25.0
1594,20250301,206,144,137,137.1,-6.9
1595,20250301,359,159,125,132.7,-26.3
1596,20250301,783,146,151,138.0,-8.0
1597,20250301,305,111,101,136.9,25.9
1598,20250301,173,132,122,128.0,-4.0
1599,20250301,190,162,119,130.1,-31.9
1600,20250301,712,121,130,138.2,17.2
1601,20250301,604,152,144,145.1,-6.9
1602,20250301,166,171,207,134.4,-36.6
1603,20250301,40,124,102,137.1,13.1
1604,20250301,370,134,112,134.9,0.9
1605,20250301,108,145,155,137.1,-7.9
1606,20250301,277,120,86,132.0,12.0
1607,20250301,756,180,159,135.0,-45.0
1608,20250301,120,145,166,139.1,-5.9
1609,20250301,746,163,153,143.2,-19.8
1610,20250301,155,139,136,131.6,-7.4
1611,20250301,266,153,151,146.6,-6.4
1612,20250301,270,137,133,129.5,-7.5
1613,20250301,436,111,135,138.0,27.0
1614,20250301,92,181,151,140.1,-40.9
1615,20250301,82,124,112,132.2,8.2
1616,20250301,175,115,101,133.9,18.9
1617,20250301,393,153,159,143.2,-9.8
1618,20250301,22,121,102,126.2,5.2
1619,20250301,580,125,118,136.5,11.5
1620,20250301,508,114,95,117.2,3.2
1621,20250401,751,117,113,137.1,20.1
1622,20250401,789,144,159,133.3,-10.7
1623,20250401,427,133,143,124.1,-8.9
1624,20250401,239,140,120,139.5,-0.5
1625,20250401,428,113,101,125.7,12.7
1626,20250401,310,129,129,142.5,13.5
1627,20250401,69,167,213,148.6,-18.4
1628,20250401,245,144,174,136.4,-7.6
1629,20250401,543,132,121,139.2,7.2
1630,20250401,19,126,106,144.9,18.9
1631,20250401,30,116,82,134.2,18.2
1632,20250401,483,148,184,136.7,-11.3
1633,20250401,589,133,116,141.6,8.6
1634,20250401,96,140,174,150.0,10.0
1635,20250401,485,140,116,140.7,0.7
1636,20250401,601,166,180,144.2,-21.8
1637,20250401,507,127,137,134.6,7.6
1638,20250401,304,172,143,155.1,-16.9
1639,20250401,414,142,137,136.8,-5.2
1640,20250401,440,159,168,139.6,-19.4
1641,20250401,159,115,119,139.4,24.4
1642,20250401,101,152,141,136.4,-15.6
1643,20250401,255,132,118,133.6,1.6
1644,20250401,190,138,152,132.7,-5.3
1645,20250401,521,142,156,135.5,-6.5
1646,20250401,691,141,172,149.2,8.2
1647,20250401,277,160,148,133.9,-26.1
1648,20250401,642,112,82,137.9,25.9
1649,20250401,31,137,173,146.4,9.4
1650,20250401,439,117,142,148.4,31.4
1651,20250401,449,132,164,175.7,43.7
1652,20250401,610,131,127,139.4,8.4
1653,20250401,636,123,139,131.2,8.2
1654,20250401,778,144,142,139.8,-4.2
1655,20250401,57,110,131,143.0,33.0
1656,20250401,608,112,124,138.1,26.1
1657,20250401,491,180,224,146.1,-33.9
1658,20250401,649,104,126,134.7,30.7
1659,20250401,53,129,118,137.2,8.2
1660,20250401,154,175,165,147.6,-27.4
1661,20250401,785,152,184,137.5,-14.5
1662,20250401,638,163,174,135.0,-28.0
1663,20250401,713,126,125,135.4,9.4
1664,20250401,352,101,105,138.4,37.4
1665,20250401,753,147,113,136.7,-10.3
1666,20250401,133,136,125,136.9,0.9
1667,20250401,325,139,156,143.1,4.1
1668,20250401,12,157,184,138.4,-18.6
1669,20250401,145,128,146,140.3,12.3
1670,20250401,532,155,162,129.7,-25.3
1671,20250401,388,141,157,149.1,8.1
1672,20250401,8,116,104,135.0,19.0
1673,20250401,22,162,148,128.6,-33.4
1674,20250401,754,126,162,150.3,24.3
1675,20250401,579,157,197,147.1,-9.9
1676,20250401,582,129,159,143.2,14.2
1677,20250401,178,121,124,141.9,20.9
1678,20250401,497,155,127,136.8,-18.2
1679,20250401,150,128,95,133.5,5.5
1680,20250401,477,156,160,141.8,-14.2
1681,20250501,158,117,138,131.0,14.0
1682,20250501,117,163,196,142.1,-20.9
1683,20250501,420,152,189,148.9,-3.1
1684,20250501,399,118,116,144.2,26.2
1685,20250501,301,154,156,139.5,-14.5
1686,20250501,764,137,153,146.9,9.9
1687,20250501,594,137,124,138.7,1.7
1688,20250501,46,140,153,138.7,-1.3
1689,20250501,431,167,190,142.6,-24.4
1690,20250501,94,118,132,137.1,19.1
1691,20250501,534,122,89,128.8,6.8
1692,20250501,292,126,144,133.5,7.5
1693,20250501,216,99,93,136.6,37.6
1694,20250501,297,94,99,138.5,44.5
1695,20250501,769,132,153,132.3,0.3
1696,20250501,192,136,159,139.0,3.0
1697,20250501,459,143,141,147.7,4.7
1698,20250501,256,148,180,147.0,-1.0
1699,20250501,359,123,117,135.1,12.1
1700,20250501,438,161,202,154.1,-6.9
1701,20250501,421,106,74,130.4,24.4
1702,20250501,361,120,126,151.2,31.2
1703,20250501,295,141,174,151.3,10.3
1704,20250501,364,147,181,157.9,10.9
1705,20250501,257,137,113,145.4,8.4
1706,20250501,97,179,223,165.1,-13.9
1707,20250501,11,140,106,150.8,10.8
1708,20250501,238,128,101,136.9,8.9
1709,20250501,423,137,105,142.0,5.0
1710,20250501,561,161,122,142.5,-18.5
1711,20250501,502,124,138,139.2,15.2
1712,20250501,414,139,109,136.8,-2.2
1713,20250501,799,129,132,137.3,8.3
1714,20250501,251,156,172,147.3,-8.7
1715,20250501,22,126,104,128.6,2.6
1716,20250501,463,106,128,131.4,25.4
1717,20250501,528,159,181,140.4,-18.6
1718,20250501,356,135,126,144.2,9.2
1719,20250501,8,129,152,135.0,6.0
1720,20250501,67,120,116,121.2,1.2
1721,20250501,215,143,155,141.6,-1.4
1722,20250501,629,138,99,124.5,-13.5
1723,20250501,707,133,152,138.5,5.5
1724,20250501,728,150,127,141.9,-8.1
1725,20250501,398,162,188,142.4,-19.6
1726,20250501,689,99,106,135.6,36.6
1727,20250501,477,94,105,141.8,47.8
1728,20250501,170,144,167,145.3,1.3
1729,20250501,303,139,144,140.8,1.8
1730,20250501,531,121,141,141.9,20.9
1731,20250501,266,118,94,133.5,15.5
1732,20250501,619,126,150,142.8,16.8
1733,20250501,355,156,199,139.7,-16.3
1734,20250501,607,104,94,133.5,29.5
1735,20250501,485,148,167,140.7,-7.3
1736,20250501,180,144,151,123.1,-20.9
1737,20250501,262,146,138,140.2,-5.8
1738,20250501,760,170,198,134.5,-35.5
1739,20250501,107,146,186,135.7,-10.3
1740,20250501,648,136,113,131.1,-4.9
1741,20250601,108,131,105,140.3,9.3
1742,20250601,712,131,111,136.2,5.2
1743,20250601,355,139,174,140.0,1.0
1744,20250601,598,122,128,130.6,8.6
1745,20250601,198,133,97,144.8,11.8
1746,20250601,405,143,132,137.4,-5.6
1747,20250601,504,130,111,137.1,7.1
1748,20250601,670,135,165,143.4,8.4
1749,20250601,523,145,149,143.2,-1.8
1750,20250601,787,115,81,133.2,18.2
1751,20250601,663,127,127,136.8,9.8
1752,20250601,444,130,100,134.9,4.9
1753,20250601,357,95,67,120.4,25.4
1754,20250601,727,141,131,133.4,-7.6
1755,20250601,10,152,107,130.7,-21.3
1756,20250601,668,154,133,139.4,-14.6
1757,20250601,578,122,139,133.5,11.5
1758,20250601,138,122,94,134.0,12.0
1759,20250601,542,129,99,129.9,0.9
1760,20250601,159,160,172,139.4,-20.6
1761,20250601,409,163,183,152.6,-10.4
1762,20250601,186,147,137,139.2,-7.8
1763,20250601,534,139,138,129.1,-9.9
1764,20250601,512,152,186,150.4,-1.6
1765,20250601,587,153,126,132.4,-20.6
1766,20250601,723,127,127,137.0,10.0
1767,20250601,363,155,138,139.6,-15.4
1768,20250601,93,136,145,146.8,10.8
1769,20250601,312,109,77,143.7,34.7
1770,20250601,106,157,116,132.1,-24.9
1771,20250601,425,119,144,138.8,19.8
1772,20250601,655,108,129,138.7,30.7
1773,20250601,167,143,182,141.3,-1.7
1774,20250601,252,143,126,138.6,-4.4
1775,20250601,163,138,149,140.7,2.7
1776,20250601,373,121,150,138.8,17.8
1777,20250601,427,122,151,123.9,1.9
1778,20250601,89,121,95,134.2,13.2
1779,20250601,397,168,183,136.3,-31.7
1780,20250601,562,142,170,147.8,5.8
1781,20250601,582,120,131,143.0,23.0
1782,20250601,735,138,160,140.4,2.4
1783,20250601,653,147,115,148.8,1.8
1784,20250601,121,148,169,139.6,-8.4
1785,20250601,647,136,126,136.3,0.3
1786,20250601,276,163,177,152.0,-11.0
1787,20250601,229,128,102,135.3,7.3
1788,20250601,489,133,103,133.5,0.5
1789,20250601,630,117,132,140.3,23.3
1790,20250601,691,152,177,142.1,-9.9
1791,20250601,172,151,184,149.9,-1.1
1792,20250601,568,157,145,134.2,-22.8
1793,20250601,311,127,109,137.4,10.4
1794,20250601,118,146,138,131.8,-14.2
1795,20250601,774,142,165,142.7,0.7
1796,20250601,31,161,203,146.2,-14.8
1797,20250601,323,129,143,143.0,14.0
1798,20250601,193,171,157,134.9,-36.1
1799,20250601,319,153,157,135.9,-17.1
1800,20250601,129,132,121,134.2,2.2
1801,20250701,562,145,186,146.7,1.7
1802,20250701,552,163,149,140.0,-23.0
1803,20250701,443,113,142,157.5,44.5
1804,20250701,283,127,135,137.3,10.3
1805,20250701,355,168,130,142.6,-25.4
1806,20250701,742,139,154,141.3,2.3
1807,20250701,439,138,164,150.3,12.3
1808,20250701,756,161,185,135.4,-25.6
1809,20250701,46,135,163,140.6,5.6
1810,20250701,353,125,156,144.1,19.1
1811,20250701,565,124,126,129.6,5.6
1812,20250701,244,111,103,145.9,34.9
1813,20250701,234,121,114,134.2,13.2
1814,20250701,262,168,208,142.6,-25.4
1815,20250701,201,150,151,145.6,-4.4
1816,20250701,242,134,107,136.7,2.7
1817,20250701,399,149,168,143.7,-5.3
1818,20250701,325,119,121,135.9,16.9
1819,20250701,291,116,143,141.8,25.8
1820,20250701,653,136,172,150.9,14.9
1821,20250701,50,132,151,142.1,10.1
1822,20250701,307,158,179,141.9,-16.1
1823,20250701,476,134,144,143.1,9.1
1824,20250701,594,121,133,137.5,16.5
1825,20250701,574,109,85,118.3,9.3
1826,20250701,206,168,182,136.6,-31.4
1827,20250701,203,150,148,151.3,1.3
1828,20250701,530,141,154,136.9,-4.1
1829,20250701,37,135,102,128.0,-7.0
1830,20250701,738,165,163,138.0,-27.0
1831,20250701,170,109,137,145.3,36.3
1832,20250701,600,113,108,146.8,33.8
1833,20250701,433,122,118,143.7,21.7
1834,20250701,777,115,96,128.5,13.5
1835,20250701,315,134,171,139.9,5.9
1836,20250701,59,127,157,147.0,20.0
1837,20250701,339,138,138,134.8,-3.2
1838,20250701,186,135,167,141.4,6.4
1839,20250701,514,123,87,131.7,8.7
1840,20250701,614,153,129,132.2,-20.8
1841,20250701,327,165,139,122.2,-42.8
1842,20250701,329,148,156,134.2,-13.8
1843,20250701,228,122,107,145.7,23.7
1844,20250701,13,154,185,153.6,-0.4
1845,20250701,284,148,192,151.7,3.7
1846,20250701,75,134,163,138.0,4.0
1847,20250701,275,141,99,130.1,-10.9
1848,20250701,710,147,188,132.1,-14.9
1849,20250701,668,134,143,139.6,5.6
1850,20250701,82,138,99,126.5,-11.5
1851,20250701,142,128,111,132.1,4.1
1852,20250701,341,116,106,133.3,17.3
1853,20250701,100,153,171,143.7,-9.3
1854,20250701,642,143,136,136.4,-6.6
1855,20250701,538,130,100,137.5,7.5
1856,20250701,635,148,178,144.3,-3.7
1857,20250701,309,135,99,132.2,-2.8
1858,20250701,549,157,143,128.4,-28.6
1859,20250701,424,133,121,138.2,5.2
1860,20250701,649,138,121,133.4,-4.6
1861,20250801,134,109,135,139.6,30.6
1862,20250801,352,172,212,140.5,-31.5
1863,20250801,80,141,120,139.9,-1.1
1864,20250801,718,132,123,146.5,14.5
1865,20250801,218,157,140,137.0,-20.0
1866,20250801,59,157,134,147.0,-10.0
1867,20250801,436,138,123,144.7,6.7
1868,20250801,254,114,116,138.5,24.5
1869,20250801,785,154,163,139.6,-14.4
1870,20250801,280,123,145,133.4,10.4
1871,20250801,304,149,173,157.2,8.2
1872,20250801,424,117,119,138.9,21.9
1873,20250801,382,154,168,137.3,-16.7
1874,20250801,269,160,124,143.4,-16.6
1875,20250801,205,133,116,133.4,0.4
1876,20250801,403,168,190,141.7,-26.3
1877,20250801,133,115,140,135.7,20.7
1878,20250801,700,130,130,137.9,7.9
1879,20250801,256,160,174,146.7,-13.3
1880,20250801,757,94,90,134.6,40.6
1881,20250801,242,150,111,137.3,-12.7
1882,20250801,621,106,105,132.6,26.6
1883,20250801,754,108,88,152.4,44.4
1884,20250801,355,145,184,143.2,-1.8
1885,20250801,556,127,159,137.1,10.1
1886,20250801,2,188,218,148.4,-39.6
1887,20250801,71,148,176,133.5,-14.5
1888,20250801,106,112,78,131.7,19.7
1889,20250801,377,172,154,136.3,-35.7
1890,20250801,42,183,205,150.1,-32.9
1891,20250801,444,169,188,134.9,-34.1
1892,20250801,696,132,120,138.6,6.6
1893,20250801,34,138,111,146.2,8.2
1894,20250801,633,164,192,160.9,-3.1
1895,20250801,593,135,124,126.0,-9.0
1896,20250801,137,141,107,141.5,0.5
1897,20250801,566,122,104,129.5,7.5
1898,20250801,759,133,96,138.9,5.9
1899,20250801,289,123,101,145.3,22.3
1900,20250801,261,125,162,144.5,19.5
1901,20250801,264,129,143,132.6,3.6
1902,20250801,798,115,143,137.7,22.7
1903,20250801,161,98,112,141.1,43.1
1904,20250801,198,131,148,144.4,13.4
1905,20250801,271,137,122,133.7,-3.3
1906,20250801,715,158,204,132.6,-25.4
1907,20250801,239,132,162,141.9,9.9
1908,20250801,84,108,116,142.5,34.5
1909,20250801,85,118,145,150.1,32.1
1910,20250801,361,150,173,150.5,0.5
1911,20250801,417,96,122,133.5,37.5
1912,20250801,72,154,187,148.0,-6.0
1913,20250801,409,163,149,154.8,-8.2
1914,20250801,416,145,177,135.9,-9.1
1915,20250801,585,151,161,138.2,-12.8
1916,20250801,320,136,110,139.1,3.1
1917,20250801,281,155,191,134.9,-20.1
1918,20250801,47,140,179,143.4,3.4
1919,20250801,170,151,183,146.1,-4.9
1920,20250801,333,133,168,146.4,13.4
1921,20250901,5,122,144,140.0,18.0
1922,20250901,131,153,174,142.9,-10.1
1923,20250901,582,133,146,144.6,11.6
1924,20250901,186,140,181,141.1,1.1
1925,20250901,562,130,168,147.2,17.2
1926,20250901,511,117,96,138.4,21.4
1927,20250901,472,136,118,126.4,-9.6
1928,20250901,495,122,117,142.6,20.6
1929,20250901,438,126,93,144.8,18.8
1930,20250901,708,155,190,139.1,-15.9
1931,20250901,691,138,139,144.0,6.0
1932,20250901,416,164,133,135.6,-28.4
1933,20250901,613,117,109,134.6,17.6
1934,20250901,340,142,132,143.7,1.7
1935,20250901,673,127,144,137.9,10.9
1936,20250901,427,104,110,116.9,12.9
1937,20250901,799,171,147,135.6,-35.4
1938,20250901,608,130,93,137.2,7.2
1939,20250901,168,162,120,132.4,-29.6
1940,20250901,642,131,167,137.0,6.0
1941,20250901,396,112,120,137.5,25.5
1942,20250901,422,171,201,127.6,-43.4
1943,20250901,745,127,106,125.8,-1.2
1944,20250901,372,118,92,123.0,5.0
1945,20250901,551,117,106,140.0,23.0
1946,20250901,206,94,121,136.8,42.8
1947,20250901,729,142,119,147.1,5.1
1948,20250901,769,120,96,131.2,11.2
1949,20250901,480,142,129,135.0,-7.0
1950,20250901,201,105,129,145.3,40.3
1951,20250901,534,119,132,132.0,13.0
1952,20250901,456,145,108,150.0,5.0
1953,20250901,373,128,164,138.5,10.5
1954,20250901,752,139,146,136.4,-2.6
1955,20250901,601,145,122,139.2,-5.8
1956,20250901,571,133,132,137.1,4.1
1957,20250901,718,131,97,146.2,15.2
1958,20250901,75,113,132,138.2,25.2
1959,20250901,19,140,181,145.3,5.3
1960,20250901,90,146,120,150.4,4.4
1961,20250901,648,118,143,124.9,6.9
1962,20250901,603,156,142,142.2,-13.8
1963,20250901,564,143,133,136.8,-6.2
1964,20250901,628,128,119,139.5,11.5
1965,20250901,491,144,149,148.0,4.0
1966,20250901,363,130,143,139.1,9.1
1967,20250901,619,139,148,145.1,6.1
1968,20250901,738,137,160,139.3,2.3
1969,20250901,329,154,146,133.4,-20.6
1970,20250901,485,138,99,140.2,2.2
1971,20250901,191,104,83,126.7,22.7
1972,20250901,583,149,165,136.4,-12.6
1973,20250901,715,116,142,132.3,16.3
1974,20250901,766,135,147,144.6,9.6
1975,20250901,647,135,102,134.8,-0.2
1976,20250901,16,141,179,147.0,6.0
1977,20250901,115,128,94,138.9,10.9
1978,20250901,274,134,94,136.6,2.6
1979,20250901,280,150,141,131.6,-18.4
1980,20250901,739,123,96,140.8,17.8
1981,20251001,630,171,205,146.6,-24.4
1982,20251001,285,139,174,148.8,9.8
1983,20251001,175,147,108,135.9,-11.1
1984,20251001,431,124,139,145.1,21.1
1985,20251001,560,121,155,140.3,19.3
1986,20251001,761,160,183,138.5,-21.5
1987,20251001,612,95,77,131.9,36.9
1988,20251001,330,105,126,137.7,32.7
1989,20251001,516,140,158,137.8,-2.2
1990,20251001,448,142,151,134.4,-7.6
1991,20251001,130,131,94,121.8,-9.2
1992,20251001,76,129,107,136.0,7.0
1993,20251001,10,130,158,129.0,-1.0
1994,20251001,707,120,145,140.4,20.4
1995,20251001,764,138,139,137.9,-0.1
1996,20251001,349,130,133,140.2,10.2
1997,20251001,538,113,136,138.3,25.3
1998,20251001,270,104,115,136.0,32.0
1999,20251001,433,125,147,140.7,15.7
2000,20251001,500,137,129,127.1,-9.9
2001,20251001,64,164,161,138.5,-25.5
2002,20251001,561,132,168,144.3,12.3
2003,20251001,600,163,185,150.9,-12.1
2004,20251001,622,167,133,138.3,-28.7
2005,20251001,647,156,189,134.4,-21.6
2006,20251001,472,163,194,126.7,-36.3
2007,20251001,790,136,173,136.1,0.1
2008,20251001,773,121,89,126.9,5.9
2009,20251001,457,138,159,144.2,6.2
2010,20251001,51,147,133,144.6,-2.4
2011,20251001,390,119,110,131.8,12.8
2012,20251001,627,131,107,140.7,9.7
2013,20251001,120,167,198,139.4,-27.6
2014,20251001,638,145,183,134.8,-10.2
2015,20251001,598,163,195,132.9,-30.1
2016,20251001,740,114,98,139.1,25.1
2017,20251001,25,125,128,138.1,13.1
2018,20251001,201,141,175,145.7,4.7
2019,20251001,700,133,111,137.6,4.6
2020,20251001,392,117,138,133.7,16.7
2021,20251001,145,199,215,149.9,-49.1
2022,20251001,264,113,82,134.1,21.1
2023,20251001,525,140,104,132.0,-8.0
2024,20251001,374,144,161,148.4,4.4
2025,20251001,710,109,90,131.2,22.2
2026,20251001,279,181,169,140.1,-40.9
2027,20251001,545,156,136,144.0,-12.0
2028,20251001,338,143,176,143.3,0.3
2029,20251001,197,149,121,135.9,-13.1
2030,20251001,177,141,177,131.6,-9.4
2031,20251001,109,132,107,124.1,-7.9
2032,20251001,281,144,106,133.1,-10.9
2033,20251001,361,111,143,150.2,39.2
2034,20251001,54,125,102,138.3,13.3
2035,20251001,484,136,157,142.0,6.0
2036,20251001,191,115,90,125.2,10.2
2037,20251001,61,124,90,134.3,10.3
2038,20251001,648,144,147,125.3,-18.7
2039,20251001,326,162,184,151.8,-10.2
2040,20251001,21,152,191,145.4,-6.6
2041,20251101,166,138,135,141.5,3.5
2042,20251101,128,160,176,166.6,6.6
2043,20251101,413,124,159,143.1,19.1
2044,20251101,654,156,174,139.6,-16.4
2045,20251101,711,128,91,138.5,10.5
2046,20251101,123,153,143,142.0,-11.0
2047,20251101,246,147,130,132.9,-14.1
2048,20251101,637,131,134,137.3,6.3
2049,20251101,716,138,98,131.2,-6.8
2050,20251101,672,129,161,135.4,6.4
2051,20251101,150,122,149,132.5,10.5
2052,20251101,572,143,164,138.9,-4.1
2053,20251101,504,153,161,143.3,-9.7
2054,20251101,269,153,118,150.9,-2.1
2055,20251101,354,120,99,139.9,19.9
2056,20251101,590,150,115,144.1,-5.9
2057,20251101,730,130,145,136.6,6.6
2058,20251101,699,117,125,134.2,17.2
2059,20251101,263,117,101,125.3,8.3
2060,20251101,288,127,89,120.4,-6.6
2061,20251101,230,139,109,130.6,-8.4
2062,20251101,440,127,157,138.9,11.9
2063,20251101,744,138,102,136.4,-1.6
2064,20251101,46,127,99,140.7,13.7
2065,20251101,35,147,153,152.7,5.7
2066,20251101,203,160,196,166.8,6.8
2067,20251101,359,109,87,130.2,21.2
2068,20251101,605,124,140,140.4,16.4
2069,20251101,480,137,147,134.9,-2.1
2070,20251101,624,169,139,151.6,-17.4
2071,20251101,537,141,156,136.4,-4.6
2072,20251101,234,143,131,133.6,-9.4
2073,20251101,636,110,108,136.1,26.1
2074,20251101,133,158,132,134.5,-23.5
2075,20251101,800,147,129,141.0,-6.0
2076,20251101,761,169,156,144.5,-24.5
2077,20251101,89,164,188,136.4,-27.6
2078,20251101,280,147,123,131.4,-15.6
2079,20251101,435,114,111,142.2,28.2
2080,20251101,291,153,149,140.3,-12.7
2081,20251101,312,132,113,143.1,11.1
2082,20251101,456,116,149,149.4,33.4
2083,20251101,563,134,96,123.1,-10.9
2084,20251101,122,132,96,137.6,5.6
2085,20251101,733,121,147,137.1,16.1
2086,20251101,61,128,124,140.3,12.3
2087,20251101,509,149,182,137.7,-11.3
2088,20251101,401,138,173,133.7,-4.3
2089,20251101,340,178,202,143.2,-34.8
2090,20251101,569,128,155,150.1,22.1
2091,20251101,278,138,140,141.3,3.3
2092,20251101,146,131,118,133.8,2.8
2093,20251101,383,122,102,138.7,16.7
2094,20251101,350,129,96,135.9,6.9
2095,20251101,745,140,100,125.3,-14.7
2096,20251101,151,125,109,115.9,-9.1
2097,20251101,658,156,181,152.2,-3.8
2098,20251101,404,170,141,148.9,-21.1
2099,20251101,363,103,127,138.9,35.9
2100,20251101,384,115,145,138.7,23.7
2101,20251201,257,114,120,141.7,27.7
2102,20251201,386,104,93,140.5,36.5
2103,20251201,91,108,85,124.5,16.5
2104,20251201,366,150,132,144.0,-6.0
2105,20251201,243,149,185,144.9,-4.1
2106,20251201,417,166,180,134.7,-31.3
2107,20251201,639,122,140,144.5,22.5
2108,20251201,92,150,173,140.4,-9.6
2109,20251201,486,158,185,151.2,-6.8
2110,20251201,792,156,196,141.2,-14.8
2111,20251201,385,114,143,144.4,30.4
2112,20251201,507,114,104,132.0,18.0
2113,20251201,752,108,139,138.6,30.6
2114,20251201,695,138,168,141.1,3.1
2115,20251201,119,113,102,146.5,33.5
2116,20251201,344,134,113,152.0,18.0
2117,20251201,528,148,164,152.9,4.9
2118,20251201,374,142,124,190.0,48.0
2119,20251201,48,133,147,147.7,14.7
2120,20251201,690,145,161,144.3,-0.7
2121,20251201,774,116,113,146.8,30.8
2122,20251201,658,173,205,154.0,-19.0
2123,20251201,82,135,142,126.5,-8.5
2124,20251201,505,141,117,141.6,0.6
2125,20251201,155,116,125,134.3,18.3
2126,20251201,347,136,149,134.4,-1.6
2127,20251201,470,125,103,135.4,10.4
2128,20251201,361,194,161,154.8,-39.2
2129,20251201,339,168,179,140.0,-28.0
2130,20251201,728,122,136,138.7,16.7
2131,20251201,194,134,108,148.7,14.7
2132,20251201,176,119,93,139.8,20.8
2133,20251201,556,143,148,148.5,5.5
2134,20251201,761,146,154,149.3,3.3
2135,20251201,229,131,127,134.4,3.4
2136,20251201,348,161,136,145.7,-15.3
2137,20251201,25,111,110,139.4,28.4
2138,20251201,247,136,111,131.1,-4.9
2139,20251201,498,142,118,137.6,-4.4
2140,20251201,423,153,162,146.0,-7.0
2141,20251201,161,133,145,139.9,6.9
2142,20251201,521,148,123,132.5,-15.5
2143,20251201,573,110,139,146.2,36.2
2144,20251201,511,160,140,140.6,-19.4
2145,20251201,295,142,144,145.2,3.2
2146,20251201,19,160,158,139.2,-20.8
2147,20251201,502,156,199,152.9,-3.1
2148,20251201,327,108,130,130.2,22.2
2149,20251201,250,110,108,133.7,23.7
2150,20251201,773,120,106,128.9,8.9
2151,20251201,341,136,169,133.2,-2.8
2152,20251201,181,134,158,144.3,10.3
2153,20251201,414,165,152,135.5,-29.5
2154,20251201,610,149,104,143.6,-5.4
2155,20251201,220,151,120,140.8,-10.2
2156,20251201,270,140,137,140.2,0.2
2157,20251201,353,113,124,145.8,32.8
2158,20251201,24,140,153,143.9,3.9
2159,20251201,488,155,194,144.6,-10.4
2160,20251201,205,134,104,135.4,1.4
2161,20260101,166,135,161,133.9,-1.1
2162,20260101,128,138,177,160.8,22.8
2163,20260101,413,135,143,136.1,1.1
2164,20260101,654,91,82,133.5,42.5
2165,20260101,711,147,110,134.8,-12.2
2166,20260101,123,132,151,133.7,1.7
2167,20260101,246,109,117,131.6,22.6
2168,20260101,637,120,115,132.7,12.7
2169,20260101,716,141,106,127.4,-13.6
2170,20260101,672,109,138,133.1,24.1
2171,20260101,150,156,122,128.7,-27.3
2172,20260101,572,142,125,133.2,-8.8
2173,20260101,504,99,100,125.3,26.3
2174,20260101,269,141,138,148.2,7.2
2175,20260101,354,115,103,139.6,24.6
2176,20260101,590,132,103,144.3,12.3
2177,20260101,730,141,155,151.1,10.1
2178,20260101,699,143,132,136.2,-6.8
2179,20260101,263,140,118,127.0,-13.0
2180,20260101,288,127,137,121.3,-5.7
2181,20260101,230,134,146,138.2,4.2
2182,20260101,440,123,132,134.8,11.8
2183,20260101,744,117,150,129.7,12.7
2184,20260101,46,123,95,128.0,5.0
2185,20260101,35,124,129,147.2,23.2
2186,20260101,203,111,115,128.8,17.8
2187,20260101,359,137,176,132.1,-4.9
2188,20260101,605,129,124,136.9,7.9
2189,20260101,480,102,82,107.2,5.2
2190,20260101,624,147,184,152.3,5.3
2191,20260101,537,149,141,134.0,-15.0
2192,20260101,234,152,145,132.7,-19.3
2193,20260101,636,96,117,122.9,26.9
2194,20260101,133,149,113,132.7,-16.3
2195,20260101,800,158,163,150.6,-7.4
2196,20260101,761,182,221,151.2,-30.8
2197,20260101,89,121,155,126.5,5.5
2198,20260101,280,135,137,139.0,4.0
2199,20260101,435,138,154,144.6,6.6
2200,20260101,291,149,193,146.0,-3.0
2201,20260101,312,127,111,138.9,11.9
2202,20260101,456,142,182,150.9,8.9
2203,20260101,563,96,100,121.7,25.7
2204,20260101,122,139,126,140.7,1.7
2205,20260101,733,152,168,140.1,-11.9
2206,20260101,61,126,113,123.0,-3.0
2207,20260101,509,116,90,133.9,17.9
2208,20260101,401,156,109,129.5,-26.5
2209,20260101,340,99,84,135.2,36.2
2210,20260101,569,158,192,141.8,-16.2
2211,20260101,278,153,115,137.0,-16.0
2212,20260101,146,146,133,129.5,-16.5
2213,20260101,383,155,117,141.0,-14.0
2214,20260101,350,143,180,140.8,-2.2
2215,20260101,745,161,170,141.9,-19.1
2216,20260101,151,103,95,113.7,10.7
2217,20260101,658,149,122,147.2,-1.8
2218,20260101,404,140,135,141.7,1.7
2219,20260101,363,134,129,134.8,0.8
2220,20260101,384,160,168,141.0,-19.0
2221,20260201,257,134,140,144.4,10.4
2222,20260201,386,104,130,129.1,25.1
2223,20260201,91,142,137,130.9,-11.1
2224,20260201,366,154,143,138.6,-15.4
2225,20260201,243,119,117,124.1,5.1
2226,20260201,417,158,195,129.5,-28.5
2227,20260201,639,128,150,143.1,15.1
2228,20260201,92,135,164,138.3,3.3
2229,20260201,486,157,139,143.8,-13.2
2230,20260201,792,146,104,132.2,-13.8
2231,20260201,385,171,178,144.3,-26.7
2232,20260201,507,145,154,130.8,-14.2
2233,20260201,752,136,119,133.5,-2.5
2234,20260201,695,142,123,136.4,-5.6
2235,20260201,119,137,177,140.7,3.7
2236,20260201,344,165,171,145.7,-19.3
2237,20260201,528,129,135,124.6,-4.4
2238,20260201,374,154,158,150.2,-3.8
2239,20260201,48,119,128,141.7,22.7
2240,20260201,690,114,114,144.2,30.2
2241,20260201,774,160,159,135.6,-24.4
2242,20260201,658,135,101,151.2,16.2
2243,20260201,82,108,134,138.8,30.8
2244,20260201,505,125,130,137.7,12.7
2245,20260201,155,119,89,125.5,6.5
2246,20260201,347,106,91,128.5,22.5
2247,20260201,470,114,123,141.6,27.6
2248,20260201,361,161,184,150.0,-11.0
2249,20260201,339,118,95,132.0,14.0
2250,20260201,728,134,172,151.1,17.1
2251,20260201,194,133,150,147.2,14.2
2252,20260201,176,125,102,134.6,9.6
2253,20260201,556,143,180,144.9,1.9
2254,20260201,761,146,134,144.4,-1.6
2255,20260201,229,131,130,131.8,0.8
2256,20260201,348,160,138,138.9,-21.1
2257,20260201,25,152,190,129.4,-22.6
2258,20260201,247,120,97,125.9,5.9
2259,20260201,498,110,137,134.6,24.6
2260,20260201,423,129,165,148.9,19.9
2261,20260201,161,133,117,132.0,-1.0
2262,20260201,521,130,95,134.3,4.3
2263,20260201,573,156,115,133.4,-22.6
2264,20260201,511,171,182,135.2,-35.8
2265,20260201,295,123,109,150.1,27.1
2266,20260201,19,120,132,143.0,23.0
2267,20260201,502,128,91,121.4,-6.6
2268,20260201,327,144,126,114.9,-29.1
2269,20260201,250,109,132,132.6,23.6
2270,20260201,773,123,104,126.9,3.9
2271,20260201,341,137,113,127.2,-9.8
2272,20260201,181,126,159,129.5,3.5
2273,20260201,414,147,168,133.7,-13.3
2274,20260201,610,127,102,124.9,-2.1
2275,20260201,220,135,150,134.6,-0.4
2276,20260201,270,134,150,127.7,-6.3
2277,20260201,353,137,125,135.8,-1.2
2278,20260201,24,132,135,135.5,3.5
2279,20260201,488,149,181,138.9,-10.1
2280,20260201,205,105,136,129.6,24.6
2281,20260301,537,160,163,132.7,-27.3
2282,20260301,387,135,162,135.9,0.9
2283,20260301,290,151,194,150.2,-0.8
2284,20260301,263,160,184,125.6,-34.4
2285,20260301,83,109,89,124.2,15.2
2286,20260301,408,148,143,128.1,-19.9
2287,20260301,656,113,119,133.6,20.6
2288,20260301,466,98,113,131.8,33.8
2289,20260301,721,143,152,148.2,5.2
2290,20260301,341,118,98,125.7,7.7
2291,20260301,250,124,91,130.6,6.6
2292,20260301,331,113,141,141.2,28.2
2293,20260301,731,144,123,130.5,-13.5
2294,20260301,79,170,192,154.6,-15.4
2295,20260301,386,135,96,127.2,-7.8
2296,20260301,450,134,102,129.7,-4.3
2297,20260301,351,140,140,129.6,-10.4
2298,20260301,344,119,92,144.1,25.1
2299,20260301,752,158,119,131.9,-26.1
2300,20260301,472,115,91,119.2,4.2
2301,20260301,599,142,167,138.4,-3.6
2302,20260301,598,115,96,124.0,9.0
2303,20260301,603,147,122,134.7,-12.3
2304,20260301,730,117,107,146.5,29.5
2305,20260301,146,136,119,127.6,-8.4
2306,20260301,78,165,174,130.6,-34.4
2307,20260301,52,143,115,125.6,-17.4
2308,20260301,498,136,169,131.4,-4.6
2309,20260301,608,126,108,135.0,9.0
2310,20260301,515,114,142,130.2,16.2
2311,20260301,615,123,148,133.0,10.0
2312,20260301,154,101,101,138.3,37.3
2313,20260301,63,138,168,134.2,-3.8
2314,20260301,206,164,158,136.9,-27.1
2315,20260301,359,128,90,130.2,2.2
2316,20260301,783,151,106,134.2,-16.8
2317,20260301,305,163,200,145.7,-17.3
2318,20260301,173,112,91,112.1,0.1
2319,20260301,190,118,123,124.9,6.9
2320,20260301,712,158,163,139.5,-18.5
2321,20260301,604,167,148,146.3,-20.7
2322,20260301,166,143,133,132.2,-10.8
2323,20260301,40,132,118,134.2,2.2
2324,20260301,370,142,159,132.7,-9.3
2325,20260301,108,124,89,127.8,3.8
2326,20260301,277,150,138,128.2,-21.8
2327,20260301,756,146,117,121.1,-24.9
2328,20260301,120,148,152,135.3,-12.7
2329,20260301,746,153,135,140.0,-13.0
2330,20260301,155,108,106,123.6,15.6
2331,20260301,266,173,207,155.0,-18.0
2332,20260301,270,150,106,125.8,-24.2
2333,20260301,436,121,146,134.2,13.2
2334,20260301,92,117,122,136.3,19.3
2335,20260301,82,129,130,131.5,2.5
2336,20260301,175,121,102,131.0,10.0
2337,20260301,393,151,121,138.1,-12.9
2338,20260301,22,156,167,123.7,-32.3
2339,20260301,580,165,124,133.1,-31.9
2340,20260301,508,116,101,122.4,6.4
2341,20260401,751,137,175,136.4,-0.6
2342,20260401,789,110,105,123.2,13.2
2343,20260401,427,129,109,123.5,-5.5
2344,20260401,239,195,172,135.7,-59.3
2345,20260401,428,133,103,113.6,-19.4
2346,20260401,310,103,97,138.8,35.8
2347,20260401,69,113,103,144.8,31.8
2348,20260401,245,118,132,132.7,14.7
2349,20260401,543,139,112,135.4,-3.6
2350,20260401,19,141,124,142.9,1.9
2351,20260401,30,113,142,138.5,25.5
2352,20260401,483,163,148,132.9,-30.1
2353,20260401,589,154,186,142.8,-11.2
2354,20260401,96,116,120,146.3,30.3
2355,20260401,485,152,126,136.9,-15.1
2356,20260401,601,145,172,151.9,6.9
2357,20260401,507,133,110,132.4,-0.6
2358,20260401,304,157,145,149.2,-7.8
2359,20260401,414,117,131,133.1,16.1
2360,20260401,440,112,98,135.8,23.8
2361,20260401,159,115,125,135.6,20.6
2362,20260401,101,109,134,132.6,23.6
2363,20260401,255,116,135,133.4,17.4
2364,20260401,190,139,117,127.6,-11.4
2365,20260401,521,136,162,134.3,-1.7
2366,20260401,691,135,115,145.5,10.5
2367,20260401,277,145,121,130.1,-14.9
2368,20260401,642,142,149,134.1,-7.9
2369,20260401,31,134,105,143.0,9.0
2370,20260401,439,141,135,133.3,-7.7
2371,20260401,449,177,228,183.4,6.4
2372,20260401,610,109,77,125.7,16.7
2373,20260401,636,130,105,127.5,-2.5
2374,20260401,778,152,186,142.0,-10.0
2375,20260401,57,133,138,136.2,3.2
2376,20260401,608,137,153,137.4,0.4
2377,20260401,491,113,132,142.3,29.3
2378,20260401,649,134,157,132.5,-1.5
2379,20260401,53,138,110,137.7,-0.3
2380,20260401,154,136,149,142.8,6.8
2381,20260401,785,146,186,135.3,-10.7
2382,20260401,638,114,91,130.2,16.2
2383,20260401,713,152,169,132.9,-19.1
2384,20260401,352,165,205,136.2,-28.8
2385,20260401,753,99,114,132.9,33.9
2386,20260401,133,168,119,133.1,-34.9
2387,20260401,325,164,120,139.3,-24.7
2388,20260401,12,140,158,136.3,-3.7
2389,20260401,145,127,95,141.6,14.6
2390,20260401,532,154,116,129.5,-24.5
2391,20260401,388,120,133,145.3,25.3
2392,20260401,8,131,128,132.5,1.5
2393,20260401,22,121,87,126.0,5.0
2394,20260401,754,167,203,144.3,-22.7
2395,20260401,579,139,101,146.1,7.1
2396,20260401,582,138,148,133.9,-4.1
2397,20260401,178,134,173,138.1,4.1
2398,20260401,497,121,139,133.0,12.0
2399,20260401,150,102,99,129.7,27.7
2400,20260401,477,112,100,138.0,26.0
2401,20260501,158,123,90,127.4,4.4
2402,20260501,117,105,93,134.1,29.1
2403,20260501,420,144,167,146.5,2.5
2404,20260501,399,123,147,141.4,18.4
2405,20260501,301,116,140,137.1,21.1
2406,20260501,764,134,147,145.3,11.3
2407,20260501,594,141,178,136.3,-4.7
2408,20260501,46,120,92,128.6,8.6
2409,20260501,431,150,141,151.8,1.8
2410,20260501,94,126,146,131.7,5.7
2411,20260501,534,139,106,125.2,-13.8
2412,20260501,292,120,84,131.6,11.6
2413,20260501,216,143,179,127.2,-15.8
2414,20260501,297,162,175,136.2,-25.8
2415,20260501,769,148,131,130.0,-18.0
2416,20260501,192,137,102,136.6,-0.4
2417,20260501,459,149,193,144.8,-4.2
2418,20260501,256,139,142,144.6,5.6
2419,20260501,359,122,152,134.0,12.0
2420,20260501,438,146,147,151.3,5.3
2421,20260501,421,163,205,128.1,-34.9
2422,20260501,361,151,195,151.5,0.5
2423,20260501,295,168,216,148.9,-19.1
2424,20260501,364,149,162,155.1,6.1
2425,20260501,257,106,135,143.1,37.1
2426,20260501,97,159,185,162.6,3.6
2427,20260501,11,142,117,148.5,6.5
2428,20260501,238,136,162,136.0,-0.0
2429,20260501,423,140,158,151.2,11.2
2430,20260501,561,154,150,142.8,-11.2
2431,20260501,502,132,114,125.5,-6.5
2432,20260501,414,113,106,134.5,21.5
2433,20260501,799,110,114,134.9,24.9
2434,20260501,251,110,125,133.7,23.7
2435,20260501,22,107,109,127.5,20.5
2436,20260501,463,150,151,127.8,-22.2
2437,20260501,528,141,147,130.3,-10.7
2438,20260501,356,149,174,141.9,-7.1
2439,20260501,8,153,139,133.9,-19.1
2440,20260501,67,111,138,139.9,28.9
2441,20260501,215,137,139,139.3,2.3
2442,20260501,629,119,109,122.2,3.2
2443,20260501,707,109,80,138.8,29.8
2444,20260501,728,155,167,152.3,-2.7
2445,20260501,398,125,151,140.1,15.1
2446,20260501,689,115,122,133.3,18.3
2447,20260501,477,144,181,139.5,-4.5
2448,20260501,170,138,104,135.2,-2.8
2449,20260501,303,137,158,138.5,1.5
2450,20260501,531,133,158,149.7,16.7
2451,20260501,266,100,96,131.3,31.3
2452,20260501,619,131,159,140.4,9.4
2453,20260501,355,157,137,136.1,-20.9
2454,20260501,607,128,155,129.9,1.9
2455,20260501,485,140,179,138.4,-1.6
2456,20260501,180,152,136,116.6,-35.4
2457,20260501,262,130,168,136.6,6.6
2458,20260501,760,126,94,132.1,6.1
2459,20260501,107,108,108,133.4,25.4
2460,20260501,648,123,102,123.4,0.4
2461,20260601,108,135,137,132.9,-2.1
2462,20260601,712,122,90,132.6,10.6
2463,20260601,355,167,120,136.3,-30.7
2464,20260601,598,165,157,128.3,-36.7
2465,20260601,198,159,181,142.5,-16.5
2466,20260601,405,118,151,137.8,19.8
2467,20260601,504,141,161,129.7,-11.3
2468,20260601,670,120,136,145.0,25.0
2469,20260601,523,133,158,140.9,7.9
2470,20260601,787,119,105,129.5,10.5
2471,20260601,663,118,104,134.4,16.4
2472,20260601,444,144,155,134.2,-9.8
2473,20260601,357,152,121,111.9,-40.1
2474,20260601,727,139,140,127.5,-11.5
2475,20260601,10,117,124,127.5,10.5
2476,20260601,668,136,124,137.1,1.1
2477,20260601,578,174,125,131.5,-42.5
2478,20260601,138,159,202,137.6,-21.4
2479,20260601,542,156,155,127.6,-28.4
2480,20260601,159,111,121,137.1,26.1
2481,20260601,409,128,156,150.2,22.2
2482,20260601,186,120,107,136.9,16.9
2483,20260601,534,126,119,125.4,-0.6
2484,20260601,512,159,133,148.1,-10.9
2485,20260601,587,143,154,134.4,-8.6
2486,20260601,723,115,106,127.0,12.0
2487,20260601,363,124,116,137.3,13.3
2488,20260601,93,118,114,144.5,26.5
2489,20260601,312,158,161,142.2,-15.8
2490,20260601,106,96,75,129.8,33.8
2491,20260601,425,140,107,136.5,-3.5
2492,20260601,655,117,90,136.4,19.4
2493,20260601,167,118,123,139.0,21.0
2494,20260601,252,168,151,128.0,-40.0
2495,20260601,163,146,134,132.8,-13.2
2496,20260601,373,123,95,139.2,16.2
2497,20260601,427,105,85,124.7,19.7
2498,20260601,89,129,118,131.8,2.8
2499,20260601,397,113,141,132.7,19.7
2500,20260601,562,145,172,145.4,0.4
2501,20260601,582,100,106,128.8,28.8
2502,20260601,735,146,172,138.0,-8.0
2503,20260601,653,140,175,146.4,6.4
2504,20260601,121,139,146,133.8,-5.2
2505,20260601,647,119,129,134.0,15.0
2506,20260601,276,162,137,149.7,-12.3
2507,20260601,229,142,164,133.0,-9.0
2508,20260601,489,118,139,132.7,14.7
2509,20260601,630,143,110,130.2,-12.8
2510,20260601,691,129,117,139.8,10.8
2511,20260601,172,153,177,147.6,-5.4
2512,20260601,568,126,137,125.5,-0.5
2513,20260601,311,154,146,136.8,-17.2
2514,20260601,118,112,145,127.3,15.3
2515,20260601,774,138,159,140.4,2.4
2516,20260601,31,149,153,144.2,-4.8
2517,20260601,323,122,149,139.3,17.3
2518,20260601,193,153,186,128.4,-24.6
2519,20260601,319,135,138,133.9,-1.1
2520,20260601,129,157,132,134.9,-22.1
